config,n_robots,n_platters,write_Mbit_s,mount_s,n_trials,mean_completion_s,p50_completion_s,p99_completion_s,robot_utilization,net_read_s_per_job,write_s_per_job,mount_frac_of_service,n_sets,pooled_set_loss_events,pooled_set_trials,set_loss_prob_estimate,horizon_yr
silica_1beam_18.4Mbit,1,1000,18.4,1.0,100,278.519,196.817,787.27,0.0002,5.6,190.2174,0.0051,52,0,5200,0.0,5.0
silica_1beam_18.4Mbit,1,4000,18.4,1.0,100,224.005,196.817,775.461,0.0005,5.6,190.2174,0.0051,210,0,21000,0.0,5.0
silica_1beam_18.4Mbit,1,16000,18.4,1.0,100,204.075,196.817,525.461,0.002,5.6,190.2174,0.0051,842,0,84200,0.0,5.0
silica_1beam_18.4Mbit,2,1000,18.4,1.0,100,224.062,196.817,393.635,0.0001,5.6,190.2174,0.0051,52,0,5200,0.0,5.0
silica_1beam_18.4Mbit,2,4000,18.4,1.0,100,205.87,196.817,393.635,0.0003,5.6,190.2174,0.0051,210,0,21000,0.0,5.0
silica_1beam_18.4Mbit,2,16000,18.4,1.0,100,199.174,196.817,332.621,0.001,5.6,190.2174,0.0051,842,0,84200,0.0,5.0
silica_1beam_18.4Mbit,4,1000,18.4,1.0,100,196.838,196.817,196.817,0.0,5.6,190.2174,0.0051,52,0,5200,0.0,5.0
silica_1beam_18.4Mbit,4,4000,18.4,1.0,100,196.823,196.817,196.817,0.0001,5.6,190.2174,0.0051,210,0,21000,0.0,5.0
silica_1beam_18.4Mbit,4,16000,18.4,1.0,100,196.821,196.817,196.817,0.0005,5.6,190.2174,0.0051,842,0,84200,0.0,5.0
silica_1beam_18.4Mbit,8,1000,18.4,1.0,100,196.817,196.817,196.817,0.0,5.6,190.2174,0.0051,52,0,5200,0.0,5.0
silica_1beam_18.4Mbit,8,4000,18.4,1.0,100,196.817,196.817,196.817,0.0001,5.6,190.2174,0.0051,210,0,21000,0.0,5.0
silica_1beam_18.4Mbit,8,16000,18.4,1.0,100,196.817,196.817,196.817,0.0003,5.6,190.2174,0.0051,842,0,84200,0.0,5.0
silica_1beam_18.4Mbit,20,1000,18.4,1.0,100,196.817,196.817,196.817,0.0,5.6,190.2174,0.0051,52,0,5200,0.0,5.0
silica_1beam_18.4Mbit,20,4000,18.4,1.0,100,196.817,196.817,196.817,0.0,5.6,190.2174,0.0051,210,0,21000,0.0,5.0
silica_1beam_18.4Mbit,20,16000,18.4,1.0,100,196.817,196.817,196.817,0.0001,5.6,190.2174,0.0051,842,0,84200,0.0,5.0
silica_1beam_25.6Mbit,1,1000,25.6,1.0,100,202.802,143.319,573.275,0.0001,5.6,136.7188,0.007,52,0,5200,0.0,5.0
silica_1beam_25.6Mbit,1,4000,25.6,1.0,100,163.105,143.319,564.676,0.0004,5.6,136.7188,0.007,210,0,21000,0.0,5.0
silica_1beam_25.6Mbit,1,16000,25.6,1.0,100,148.561,143.319,380.293,0.0015,5.6,136.7188,0.007,842,0,84200,0.0,5.0
silica_1beam_25.6Mbit,2,1000,25.6,1.0,100,163.155,143.319,286.638,0.0001,5.6,136.7188,0.007,52,0,5200,0.0,5.0
silica_1beam_25.6Mbit,2,4000,25.6,1.0,100,149.907,143.319,286.638,0.0002,5.6,136.7188,0.007,210,0,21000,0.0,5.0
silica_1beam_25.6Mbit,2,16000,25.6,1.0,100,145.035,143.319,242.208,0.0007,5.6,136.7188,0.007,842,0,84200,0.0,5.0
silica_1beam_25.6Mbit,4,1000,25.6,1.0,100,143.332,143.319,143.319,0.0,5.6,136.7188,0.007,52,0,5200,0.0,5.0
silica_1beam_25.6Mbit,4,4000,25.6,1.0,100,143.322,143.319,143.319,0.0001,5.6,136.7188,0.007,210,0,21000,0.0,5.0
silica_1beam_25.6Mbit,4,16000,25.6,1.0,100,143.322,143.319,143.319,0.0004,5.6,136.7188,0.007,842,0,84200,0.0,5.0
silica_1beam_25.6Mbit,8,1000,25.6,1.0,100,143.319,143.319,143.319,0.0,5.6,136.7188,0.007,52,0,5200,0.0,5.0
silica_1beam_25.6Mbit,8,4000,25.6,1.0,100,143.319,143.319,143.319,0.0,5.6,136.7188,0.007,210,0,21000,0.0,5.0
silica_1beam_25.6Mbit,8,16000,25.6,1.0,100,143.319,143.319,143.319,0.0002,5.6,136.7188,0.007,842,0,84200,0.0,5.0
silica_1beam_25.6Mbit,20,1000,25.6,1.0,100,143.319,143.319,143.319,0.0,5.6,136.7188,0.007,52,0,5200,0.0,5.0
silica_1beam_25.6Mbit,20,4000,25.6,1.0,100,143.319,143.319,143.319,0.0,5.6,136.7188,0.007,210,0,21000,0.0,5.0
silica_1beam_25.6Mbit,20,16000,25.6,1.0,100,143.319,143.319,143.319,0.0001,5.6,136.7188,0.007,842,0,84200,0.0,5.0
silica_4beam_65.9Mbit,1,1000,65.9,1.0,100,84.487,59.711,238.843,0.0001,5.6,53.1108,0.0167,52,0,5200,0.0,5.0
silica_4beam_65.9Mbit,1,4000,65.9,1.0,100,67.943,59.711,235.26,0.0002,5.6,53.1108,0.0167,210,0,21000,0.0,5.0
silica_4beam_65.9Mbit,1,16000,65.9,1.0,100,61.868,59.711,157.824,0.0006,5.6,53.1108,0.0167,842,0,84200,0.0,5.0
silica_4beam_65.9Mbit,2,1000,65.9,1.0,100,67.971,59.711,119.422,0.0,5.6,53.1108,0.0167,52,0,5200,0.0,5.0
silica_4beam_65.9Mbit,2,4000,65.9,1.0,100,62.453,59.711,119.422,0.0001,5.6,53.1108,0.0167,210,0,21000,0.0,5.0
silica_4beam_65.9Mbit,2,16000,65.9,1.0,100,60.425,59.711,100.912,0.0003,5.6,53.1108,0.0167,842,0,84200,0.0,5.0
silica_4beam_65.9Mbit,4,1000,65.9,1.0,100,59.713,59.711,59.711,0.0,5.6,53.1108,0.0167,52,0,5200,0.0,5.0
silica_4beam_65.9Mbit,4,4000,65.9,1.0,100,59.711,59.711,59.711,0.0,5.6,53.1108,0.0167,210,0,21000,0.0,5.0
silica_4beam_65.9Mbit,4,16000,65.9,1.0,100,59.712,59.711,59.711,0.0002,5.6,53.1108,0.0167,842,0,84200,0.0,5.0
silica_4beam_65.9Mbit,8,1000,65.9,1.0,100,59.711,59.711,59.711,0.0,5.6,53.1108,0.0167,52,0,5200,0.0,5.0
silica_4beam_65.9Mbit,8,4000,65.9,1.0,100,59.711,59.711,59.711,0.0,5.6,53.1108,0.0167,210,0,21000,0.0,5.0
silica_4beam_65.9Mbit,8,16000,65.9,1.0,100,59.711,59.711,59.711,0.0001,5.6,53.1108,0.0167,842,0,84200,0.0,5.0
silica_4beam_65.9Mbit,20,1000,65.9,1.0,100,59.711,59.711,59.711,0.0,5.6,53.1108,0.0167,52,0,5200,0.0,5.0
silica_4beam_65.9Mbit,20,4000,65.9,1.0,100,59.711,59.711,59.711,0.0,5.6,53.1108,0.0167,210,0,21000,0.0,5.0
silica_4beam_65.9Mbit,20,16000,65.9,1.0,100,59.711,59.711,59.711,0.0,5.6,53.1108,0.0167,842,0,84200,0.0,5.0
tape_LTO9_3200Mbit,1,1000,3200.0,1.0,100,10.883,7.694,30.775,0.0,5.6,1.0938,0.13,52,0,5200,0.0,5.0
tape_LTO9_3200Mbit,1,4000,3200.0,1.0,100,8.754,7.694,30.313,0.0,5.6,1.0938,0.13,210,0,21000,0.0,5.0
tape_LTO9_3200Mbit,1,16000,3200.0,1.0,100,7.969,7.694,20.234,0.0001,5.6,1.0938,0.13,842,0,84200,0.0,5.0
tape_LTO9_3200Mbit,2,1000,3200.0,1.0,100,8.757,7.694,15.388,0.0,5.6,1.0938,0.13,52,0,5200,0.0,5.0
tape_LTO9_3200Mbit,2,4000,3200.0,1.0,100,8.047,7.694,15.388,0.0,5.6,1.0938,0.13,210,0,21000,0.0,5.0
tape_LTO9_3200Mbit,2,16000,3200.0,1.0,100,7.786,7.694,12.925,0.0,5.6,1.0938,0.13,842,0,84200,0.0,5.0
tape_LTO9_3200Mbit,4,1000,3200.0,1.0,100,7.694,7.694,7.694,0.0,5.6,1.0938,0.13,52,0,5200,0.0,5.0
tape_LTO9_3200Mbit,4,4000,3200.0,1.0,100,7.694,7.694,7.694,0.0,5.6,1.0938,0.13,210,0,21000,0.0,5.0
tape_LTO9_3200Mbit,4,16000,3200.0,1.0,100,7.694,7.694,7.694,0.0,5.6,1.0938,0.13,842,0,84200,0.0,5.0
tape_LTO9_3200Mbit,8,1000,3200.0,1.0,100,7.694,7.694,7.694,0.0,5.6,1.0938,0.13,52,0,5200,0.0,5.0
tape_LTO9_3200Mbit,8,4000,3200.0,1.0,100,7.694,7.694,7.694,0.0,5.6,1.0938,0.13,210,0,21000,0.0,5.0
tape_LTO9_3200Mbit,8,16000,3200.0,1.0,100,7.694,7.694,7.694,0.0,5.6,1.0938,0.13,842,0,84200,0.0,5.0
tape_LTO9_3200Mbit,20,1000,3200.0,1.0,100,7.694,7.694,7.694,0.0,5.6,1.0938,0.13,52,0,5200,0.0,5.0
tape_LTO9_3200Mbit,20,4000,3200.0,1.0,100,7.694,7.694,7.694,0.0,5.6,1.0938,0.13,210,0,21000,0.0,5.0
tape_LTO9_3200Mbit,20,16000,3200.0,1.0,100,7.694,7.694,7.694,0.0,5.6,1.0938,0.13,842,0,84200,0.0,5.0
naive_fast_repair__silica_1beam_18.4Mbit,1000000,4000,18.4,0.0,100,195.817,195.817,195.817,0.0,5.6,190.2174,0.0,210,0,21000,0.0,5.0
naive_fast_repair__silica_1beam_25.6Mbit,1000000,4000,25.6,0.0,100,142.319,142.319,142.319,0.0,5.6,136.7188,0.0,210,0,21000,0.0,5.0
naive_fast_repair__silica_4beam_65.9Mbit,1000000,4000,65.9,0.0,100,58.711,58.711,58.711,0.0,5.6,53.1108,0.0,210,0,21000,0.0,5.0
naive_fast_repair__tape_LTO9_3200Mbit,1000000,4000,3200.0,0.0,100,6.694,6.694,6.694,0.0,5.6,1.0938,0.0,210,0,21000,0.0,5.0
