timestamp,index,temperature_gpu,utilization_gpu,utilization_memory,memory_used,power_draw,clocks_sm
2026/09/14 15:51:33.700, 0, 26, 3, 0, 161, 55.06, 1480
2026/09/14 15:51:33.703, 1, 18, 0, 0, 5, 8.79, 139
2026/09/14 15:51:34.737, 0, 28, 0, 0, 165, 55.22, 1480
2026/09/14 15:51:34.739, 1, 18, 0, 0, 5, 8.89, 139
2026/09/14 15:51:35.772, 0, 30, 1, 0, 427, 79.03, 1721
2026/09/14 15:51:35.775, 1, 18, 0, 0, 5, 8.79, 139
2026/09/14 15:51:36.807, 0, 35, 100, 5, 429, 107.52, 1911
2026/09/14 15:51:36.810, 1, 18, 0, 0, 5, 8.79, 139
2026/09/14 15:51:37.842, 0, 36, 100, 5, 429, 98.00, 1911
2026/09/14 15:51:37.844, 1, 18, 0, 0, 5, 8.69, 139
2026/09/14 15:51:38.878, 0, 36, 100, 4, 429, 118.29, 1911
2026/09/14 15:51:38.884, 1, 18, 0, 0, 5, 8.79, 139
2026/09/14 15:51:39.917, 0, 37, 100, 4, 429, 96.85, 1911
2026/09/14 15:51:39.921, 1, 18, 0, 0, 5, 9.23, 139
2026/09/14 15:51:40.954, 0, 38, 100, 5, 429, 104.35, 1911
2026/09/14 15:51:40.957, 1, 18, 0, 0, 5, 8.55, 139
2026/09/14 15:51:41.989, 0, 38, 100, 5, 429, 141.53, 1911
2026/09/14 15:51:41.993, 1, 18, 0, 0, 5, 8.55, 139
2026/09/14 15:51:43.025, 0, 38, 100, 4, 429, 98.05, 1911
2026/09/14 15:51:43.028, 1, 18, 0, 0, 5, 8.55, 139
2026/09/14 15:51:44.061, 0, 38, 100, 4, 429, 113.81, 1911
2026/09/14 15:51:44.063, 1, 18, 0, 0, 5, 10.73, 139
2026/09/14 15:51:45.098, 0, 38, 100, 5, 429, 106.84, 1911
2026/09/14 15:51:45.101, 1, 18, 0, 0, 5, 8.69, 139
2026/09/14 15:51:46.133, 0, 39, 100, 4, 429, 95.47, 1911
2026/09/14 15:51:46.136, 1, 18, 0, 0, 5, 9.13, 139
2026/09/14 15:51:47.168, 0, 39, 100, 5, 429, 131.59, 1911
2026/09/14 15:51:47.171, 1, 18, 0, 0, 5, 8.79, 139
2026/09/14 15:51:48.204, 0, 39, 100, 5, 429, 105.63, 1911
2026/09/14 15:51:48.206, 1, 18, 0, 0, 5, 8.69, 139
2026/09/14 15:51:49.238, 0, 39, 100, 5, 429, 82.48, 1911
2026/09/14 15:51:49.241, 1, 18, 0, 0, 5, 8.89, 139
2026/09/14 15:51:50.274, 0, 39, 100, 4, 429, 120.94, 1911
2026/09/14 15:51:50.277, 1, 18, 0, 0, 5, 8.55, 139
2026/09/14 15:51:51.311, 0, 39, 100, 5, 429, 124.34, 1911
2026/09/14 15:51:51.314, 1, 18, 0, 0, 5, 8.69, 139
2026/09/14 15:51:52.347, 0, 40, 100, 4, 429, 85.78, 1911
2026/09/14 15:51:52.350, 1, 18, 0, 0, 5, 9.13, 139
2026/09/14 15:51:53.382, 0, 40, 100, 4, 429, 101.96, 1911
2026/09/14 15:51:53.385, 1, 18, 0, 0, 5, 8.89, 139
2026/09/14 15:51:54.419, 0, 40, 100, 3, 429, 143.99, 1911
2026/09/14 15:51:54.422, 1, 18, 0, 0, 5, 8.55, 139
2026/09/14 15:51:55.454, 0, 40, 100, 5, 429, 93.94, 1911
2026/09/14 15:51:55.456, 1, 18, 0, 0, 5, 8.79, 139
2026/09/14 15:51:56.489, 0, 40, 100, 4, 429, 109.45, 1911
2026/09/14 15:51:56.491, 1, 18, 0, 0, 5, 8.79, 139
2026/09/14 15:51:57.527, 0, 40, 100, 4, 429, 114.71, 1911
2026/09/14 15:51:57.529, 1, 18, 0, 0, 5, 8.79, 139
2026/09/14 15:51:58.562, 0, 41, 100, 5, 429, 100.27, 1911
2026/09/14 15:51:58.569, 1, 18, 0, 0, 5, 8.79, 139
2026/09/14 15:51:59.601, 0, 41, 100, 5, 429, 114.33, 1911
2026/09/14 15:51:59.603, 1, 18, 0, 0, 5, 8.69, 139
2026/09/14 15:52:00.635, 0, 41, 100, 5, 429, 98.14, 1911
2026/09/14 15:52:00.638, 1, 18, 0, 0, 5, 8.55, 139
2026/09/14 15:52:01.674, 0, 41, 100, 5, 429, 101.96, 1911
2026/09/14 15:52:01.677, 1, 18, 0, 0, 5, 8.69, 139
2026/09/14 15:52:02.711, 0, 41, 100, 5, 429, 126.73, 1911
2026/09/14 15:52:02.713, 1, 18, 0, 0, 5, 8.89, 139
2026/09/14 15:52:03.745, 0, 41, 100, 5, 429, 99.85, 1911
2026/09/14 15:52:03.748, 1, 18, 0, 0, 5, 8.98, 139
2026/09/14 15:52:04.783, 0, 42, 100, 5, 429, 104.00, 1911
2026/09/14 15:52:04.789, 1, 18, 0, 0, 5, 8.89, 139
2026/09/14 15:52:05.823, 0, 42, 100, 4, 429, 140.25, 1911
2026/09/14 15:52:05.826, 1, 18, 0, 0, 5, 8.79, 139
2026/09/14 15:52:06.858, 0, 42, 100, 5, 429, 101.47, 1911
2026/09/14 15:52:06.861, 1, 18, 0, 0, 5, 8.79, 139
2026/09/14 15:52:07.894, 0, 42, 100, 4, 429, 110.57, 1911
2026/09/14 15:52:07.897, 1, 18, 0, 0, 5, 8.69, 139
2026/09/14 15:52:08.930, 0, 42, 100, 5, 429, 115.49, 1911
2026/09/14 15:52:08.933, 1, 18, 0, 0, 5, 8.79, 139
2026/09/14 15:52:09.965, 0, 42, 100, 5, 429, 98.92, 1911
2026/09/14 15:52:09.968, 1, 18, 0, 0, 5, 8.79, 139
2026/09/14 15:52:11.002, 0, 42, 100, 5, 429, 123.42, 1911
2026/09/14 15:52:11.005, 1, 18, 0, 0, 5, 8.79, 139
2026/09/14 15:52:12.037, 0, 42, 100, 5, 429, 100.32, 1911
2026/09/14 15:52:12.041, 1, 18, 0, 0, 5, 8.79, 139
2026/09/14 15:52:13.074, 0, 43, 100, 4, 429, 82.45, 1911
2026/09/14 15:52:13.076, 1, 18, 0, 0, 5, 8.55, 139
2026/09/14 15:52:14.116, 0, 43, 100, 5, 429, 137.76, 1911
2026/09/14 15:52:14.118, 1, 18, 0, 0, 5, 14.56, 139
2026/09/14 15:52:15.152, 0, 43, 100, 4, 429, 106.23, 1911
2026/09/14 15:52:15.155, 1, 18, 0, 0, 5, 9.37, 139
2026/09/14 15:52:16.190, 0, 43, 100, 4, 429, 82.96, 1911
2026/09/14 15:52:16.193, 1, 18, 0, 0, 5, 8.79, 139
2026/09/14 15:52:17.226, 0, 43, 100, 5, 429, 131.18, 1911
2026/09/14 15:52:17.229, 1, 18, 0, 0, 5, 8.88, 139
2026/09/14 15:52:18.262, 0, 43, 100, 3, 429, 116.40, 1911
2026/09/14 15:52:18.268, 1, 18, 0, 0, 5, 8.69, 139
2026/09/14 15:52:19.301, 0, 43, 100, 5, 429, 86.03, 1911
2026/09/14 15:52:19.303, 1, 18, 0, 0, 5, 8.89, 139
2026/09/14 15:52:20.338, 0, 43, 100, 3, 429, 121.45, 1911
2026/09/14 15:52:20.347, 1, 18, 0, 0, 5, 8.79, 139
2026/09/14 15:52:21.379, 0, 43, 100, 5, 429, 128.40, 1911
2026/09/14 15:52:21.381, 1, 18, 0, 0, 5, 9.37, 139
2026/09/14 15:52:22.414, 0, 44, 100, 3, 429, 87.33, 1911
2026/09/14 15:52:22.418, 1, 18, 0, 0, 5, 8.69, 139
2026/09/14 15:52:23.451, 0, 44, 100, 5, 429, 103.85, 1911
2026/09/14 15:52:23.453, 1, 18, 0, 0, 5, 8.69, 139
2026/09/14 15:52:24.485, 0, 44, 100, 4, 429, 134.02, 1911
2026/09/14 15:52:24.488, 1, 18, 0, 0, 5, 8.79, 139
2026/09/14 15:52:25.521, 0, 44, 100, 5, 429, 101.14, 1911
2026/09/14 15:52:25.523, 1, 18, 0, 0, 5, 8.69, 139
2026/09/14 15:52:26.555, 0, 44, 100, 4, 429, 116.11, 1911
2026/09/14 15:52:26.558, 1, 18, 0, 0, 5, 8.89, 139
2026/09/14 15:52:27.590, 0, 44, 100, 4, 429, 98.63, 1911
2026/09/14 15:52:27.593, 1, 18, 0, 0, 5, 8.79, 139
2026/09/14 15:52:28.629, 0, 44, 100, 4, 429, 103.17, 1911
2026/09/14 15:52:28.631, 1, 18, 0, 0, 5, 8.79, 139
2026/09/14 15:52:29.664, 0, 44, 100, 4, 429, 131.21, 1911
2026/09/14 15:52:29.668, 1, 18, 0, 0, 5, 8.79, 139
2026/09/14 15:52:30.700, 0, 44, 100, 5, 429, 100.85, 1911
2026/09/14 15:52:30.703, 1, 18, 0, 0, 5, 8.79, 139
2026/09/14 15:52:31.735, 0, 45, 100, 5, 429, 110.17, 1911
2026/09/14 15:52:31.740, 1, 18, 0, 0, 5, 9.13, 139
2026/09/14 15:52:32.776, 0, 44, 100, 4, 429, 136.75, 1911
2026/09/14 15:52:32.779, 1, 18, 0, 0, 5, 8.79, 139
2026/09/14 15:52:33.811, 0, 45, 100, 4, 429, 103.02, 1911
2026/09/14 15:52:33.817, 1, 18, 0, 0, 5, 8.89, 139
2026/09/14 15:52:34.848, 0, 45, 100, 5, 429, 118.05, 1911
2026/09/14 15:52:34.851, 1, 18, 0, 0, 5, 8.55, 139
2026/09/14 15:52:35.884, 0, 45, 100, 4, 429, 95.56, 1911
2026/09/14 15:52:35.887, 1, 18, 0, 0, 5, 8.69, 139
2026/09/14 15:52:36.918, 0, 45, 100, 5, 429, 89.43, 1911
2026/09/14 15:52:36.923, 1, 18, 0, 0, 5, 9.03, 139
2026/09/14 15:52:37.955, 0, 45, 100, 4, 429, 145.50, 1911
2026/09/14 15:52:37.957, 1, 18, 0, 0, 5, 8.89, 139
2026/09/14 15:52:38.989, 0, 45, 100, 5, 429, 117.36, 1911
2026/09/14 15:52:38.992, 1, 18, 0, 0, 5, 8.69, 139
2026/09/14 15:52:40.025, 0, 45, 99, 4, 429, 85.45, 1911
2026/09/14 15:52:40.030, 1, 18, 0, 0, 5, 8.79, 139
2026/09/14 15:52:41.062, 0, 45, 100, 4, 429, 102.21, 1911
2026/09/14 15:52:41.065, 1, 18, 0, 0, 5, 8.69, 139
2026/09/14 15:52:42.097, 0, 45, 100, 4, 429, 148.40, 1911
2026/09/14 15:52:42.100, 1, 18, 0, 0, 5, 8.79, 139
2026/09/14 15:52:43.132, 0, 45, 100, 5, 429, 94.11, 1911
2026/09/14 15:52:43.136, 1, 18, 0, 0, 5, 8.79, 139
2026/09/14 15:52:44.175, 0, 45, 100, 4, 429, 104.69, 1911
2026/09/14 15:52:44.178, 1, 18, 0, 0, 5, 9.13, 139
2026/09/14 15:52:45.212, 0, 45, 100, 4, 429, 141.38, 1911
2026/09/14 15:52:45.215, 1, 18, 0, 0, 5, 8.79, 139
2026/09/14 15:52:46.246, 0, 46, 100, 5, 429, 100.32, 1911
2026/09/14 15:52:46.249, 1, 18, 0, 0, 5, 8.79, 139
2026/09/14 15:52:47.283, 0, 45, 100, 5, 429, 112.93, 1911
2026/09/14 15:52:47.285, 1, 18, 0, 0, 5, 8.79, 139
2026/09/14 15:52:48.320, 0, 46, 100, 5, 429, 115.87, 1911
2026/09/14 15:52:48.343, 1, 18, 0, 0, 5, 8.79, 139
2026/09/14 15:52:49.401, 0, 46, 100, 4, 429, 98.82, 1911
2026/09/14 15:52:49.404, 1, 18, 0, 0, 5, 8.89, 139
2026/09/14 15:52:50.437, 0, 46, 100, 5, 429, 122.43, 1911
2026/09/14 15:52:50.440, 1, 18, 0, 0, 5, 8.69, 139
2026/09/14 15:52:51.472, 0, 46, 100, 5, 429, 99.83, 1911
2026/09/14 15:52:51.475, 1, 18, 0, 0, 5, 8.69, 139
2026/09/14 15:52:52.510, 0, 46, 100, 5, 429, 92.82, 1911
2026/09/14 15:52:52.515, 1, 18, 0, 0, 5, 8.69, 139
2026/09/14 15:52:53.547, 0, 46, 100, 4, 429, 141.45, 1911
2026/09/14 15:52:53.550, 1, 18, 0, 0, 5, 8.79, 139
2026/09/14 15:52:54.582, 0, 46, 100, 5, 429, 107.94, 1911
2026/09/14 15:52:54.588, 1, 18, 0, 0, 5, 8.79, 139
2026/09/14 15:52:55.620, 0, 46, 100, 3, 429, 84.48, 1911
2026/09/14 15:52:55.623, 1, 18, 0, 0, 5, 9.03, 139
2026/09/14 15:52:56.654, 0, 46, 100, 4, 429, 110.29, 1911
2026/09/14 15:52:56.657, 1, 18, 0, 0, 5, 8.79, 139
2026/09/14 15:52:57.689, 0, 46, 100, 5, 429, 146.81, 1911
2026/09/14 15:52:57.692, 1, 18, 0, 0, 5, 8.79, 139
2026/09/14 15:52:58.724, 0, 46, 100, 5, 429, 94.37, 1911
2026/09/14 15:52:58.727, 1, 18, 0, 0, 5, 8.69, 139
2026/09/14 15:52:59.759, 0, 46, 100, 5, 429, 110.18, 1911
2026/09/14 15:52:59.761, 1, 18, 0, 0, 5, 9.23, 139
2026/09/14 15:53:00.793, 0, 46, 100, 5, 429, 104.33, 1911
2026/09/14 15:53:00.796, 1, 18, 0, 0, 5, 8.89, 139
2026/09/14 15:53:01.827, 0, 46, 100, 5, 429, 104.00, 1911
2026/09/14 15:53:01.830, 1, 18, 0, 0, 5, 8.89, 139
2026/09/14 15:53:02.863, 0, 46, 100, 5, 429, 135.54, 1911
2026/09/14 15:53:02.865, 1, 18, 0, 0, 5, 8.79, 139
2026/09/14 15:53:03.897, 0, 46, 100, 4, 429, 100.95, 1911
2026/09/14 15:53:03.900, 1, 18, 0, 0, 5, 8.79, 139
2026/09/14 15:53:04.933, 0, 46, 100, 4, 429, 112.06, 1911
2026/09/14 15:53:04.936, 1, 18, 0, 0, 5, 8.69, 139
2026/09/14 15:53:05.968, 0, 46, 100, 5, 429, 114.59, 1911
2026/09/14 15:53:05.971, 1, 18, 0, 0, 5, 8.79, 139
2026/09/14 15:53:07.002, 0, 46, 100, 3, 429, 98.46, 1911
2026/09/14 15:53:07.007, 1, 18, 0, 0, 5, 9.23, 139
2026/09/14 15:53:08.039, 0, 46, 100, 4, 429, 136.02, 1911
2026/09/14 15:53:08.042, 1, 18, 0, 0, 5, 8.79, 139
2026/09/14 15:53:09.074, 0, 46, 100, 5, 429, 109.89, 1911
2026/09/14 15:53:09.077, 1, 18, 0, 0, 5, 8.74, 139
2026/09/14 15:53:10.109, 0, 46, 100, 5, 429, 84.48, 1911
2026/09/14 15:53:10.114, 1, 18, 0, 0, 5, 8.79, 139
2026/09/14 15:53:11.147, 0, 46, 100, 5, 429, 120.22, 1911
2026/09/14 15:53:11.150, 1, 18, 0, 0, 5, 8.55, 139
2026/09/14 15:53:12.183, 0, 46, 100, 5, 429, 138.62, 1911
2026/09/14 15:53:12.186, 1, 18, 0, 0, 5, 14.65, 139
2026/09/14 15:53:13.236, 0, 46, 100, 5, 429, 89.68, 1911
2026/09/14 15:53:13.242, 1, 18, 0, 0, 5, 9.13, 139
2026/09/14 15:53:14.276, 0, 46, 100, 4, 429, 138.77, 1911
2026/09/14 15:53:14.278, 1, 18, 0, 0, 5, 8.55, 139
2026/09/14 15:53:15.311, 0, 46, 100, 4, 429, 109.41, 1911
2026/09/14 15:53:15.314, 1, 18, 0, 0, 5, 8.89, 139
2026/09/14 15:53:16.346, 0, 46, 100, 5, 429, 85.29, 1911
2026/09/14 15:53:16.350, 1, 18, 0, 0, 5, 8.55, 139
2026/09/14 15:53:17.393, 0, 46, 100, 4, 429, 134.19, 1911
2026/09/14 15:53:17.399, 1, 18, 0, 0, 5, 9.13, 139
2026/09/14 15:53:18.431, 0, 46, 100, 4, 429, 109.16, 1911
2026/09/14 15:53:18.433, 1, 18, 0, 0, 5, 8.79, 139
2026/09/14 15:53:19.466, 0, 46, 100, 4, 429, 85.21, 1911
2026/09/14 15:53:19.468, 1, 18, 0, 0, 5, 9.03, 139
2026/09/14 15:53:20.504, 0, 46, 100, 5, 429, 126.38, 1911
2026/09/14 15:53:20.507, 1, 18, 0, 0, 5, 8.89, 139
2026/09/14 15:53:21.539, 0, 46, 100, 4, 429, 132.87, 1911
2026/09/14 15:53:21.542, 1, 18, 0, 0, 5, 8.69, 139
2026/09/14 15:53:22.576, 0, 46, 100, 5, 429, 89.51, 1911
2026/09/14 15:53:22.578, 1, 18, 0, 0, 5, 8.79, 139
2026/09/14 15:53:23.613, 0, 46, 100, 4, 429, 104.44, 1911
2026/09/14 15:53:23.616, 1, 18, 0, 0, 5, 8.89, 139
2026/09/14 15:53:24.649, 0, 46, 100, 5, 429, 140.61, 1911
2026/09/14 15:53:24.652, 1, 18, 0, 0, 5, 8.79, 139
2026/09/14 15:53:25.684, 0, 46, 100, 5, 429, 97.85, 1911
2026/09/14 15:53:25.688, 1, 18, 0, 0, 5, 8.89, 139
2026/09/14 15:53:26.722, 0, 46, 100, 5, 429, 111.15, 1911
2026/09/14 15:53:26.725, 1, 18, 0, 0, 5, 8.79, 139
2026/09/14 15:53:27.758, 0, 46, 100, 5, 429, 104.83, 1911
2026/09/14 15:53:27.762, 1, 18, 0, 0, 5, 8.89, 139
2026/09/14 15:53:28.796, 0, 46, 100, 5, 429, 106.76, 1911
2026/09/14 15:53:28.798, 1, 18, 0, 0, 5, 8.89, 139
2026/09/14 15:53:29.831, 0, 46, 100, 4, 429, 122.43, 1911
2026/09/14 15:53:29.835, 1, 18, 0, 0, 5, 8.89, 139
2026/09/14 15:53:30.870, 0, 46, 100, 5, 429, 101.17, 1911
2026/09/14 15:53:30.873, 1, 18, 0, 0, 5, 8.89, 139
2026/09/14 15:53:31.908, 0, 47, 100, 4, 429, 104.48, 1911
2026/09/14 15:53:31.911, 1, 18, 0, 0, 5, 8.55, 139
2026/09/14 15:53:32.944, 0, 46, 100, 5, 429, 140.45, 1911
2026/09/14 15:53:32.947, 1, 18, 0, 0, 5, 8.79, 139
2026/09/14 15:53:33.981, 0, 47, 100, 5, 429, 101.43, 1911
2026/09/14 15:53:33.983, 1, 18, 0, 0, 5, 8.69, 139
2026/09/14 15:53:35.016, 0, 46, 100, 5, 429, 104.72, 1911
2026/09/14 15:53:35.030, 1, 18, 0, 0, 5, 9.13, 139
2026/09/14 15:53:36.067, 0, 46, 100, 5, 429, 127.79, 1911
2026/09/14 15:53:36.070, 1, 18, 0, 0, 5, 8.79, 139
2026/09/14 15:53:37.107, 0, 46, 100, 5, 429, 100.14, 1911
2026/09/14 15:53:37.110, 1, 18, 0, 0, 5, 8.69, 139
2026/09/14 15:53:38.142, 0, 47, 100, 4, 429, 105.89, 1911
2026/09/14 15:53:38.146, 1, 18, 0, 0, 5, 8.55, 139
2026/09/14 15:53:39.182, 0, 47, 100, 5, 429, 134.09, 1911
2026/09/14 15:53:39.185, 1, 18, 0, 0, 5, 8.69, 139
2026/09/14 15:53:40.217, 0, 47, 100, 4, 429, 101.92, 1911
2026/09/14 15:53:40.220, 1, 18, 0, 0, 5, 8.89, 139
2026/09/14 15:53:41.255, 0, 47, 100, 5, 429, 109.94, 1911
2026/09/14 15:53:41.257, 1, 18, 0, 0, 5, 9.32, 139
2026/09/14 15:53:42.289, 0, 47, 100, 4, 429, 123.01, 1911
2026/09/14 15:53:42.292, 1, 18, 0, 0, 5, 8.55, 139
2026/09/14 15:53:43.324, 0, 47, 100, 5, 429, 101.35, 1911
2026/09/14 15:53:43.328, 1, 17, 0, 0, 5, 8.69, 139
2026/09/14 15:53:44.360, 0, 47, 100, 4, 429, 131.94, 1911
2026/09/14 15:53:44.363, 1, 18, 0, 0, 5, 8.89, 139
2026/09/14 15:53:45.394, 0, 47, 100, 4, 429, 107.96, 1911
2026/09/14 15:53:45.398, 1, 18, 0, 0, 5, 8.69, 139
2026/09/14 15:53:46.433, 0, 47, 100, 5, 429, 84.00, 1911
2026/09/14 15:53:46.436, 1, 18, 0, 0, 5, 8.89, 139
2026/09/14 15:53:47.469, 0, 47, 100, 5, 429, 133.11, 1911
2026/09/14 15:53:47.472, 1, 18, 0, 0, 5, 9.03, 139
2026/09/14 15:53:48.504, 0, 47, 100, 5, 429, 127.63, 1911
2026/09/14 15:53:48.507, 1, 18, 0, 0, 5, 8.79, 139
2026/09/14 15:53:49.539, 0, 47, 100, 5, 429, 90.06, 1911
2026/09/14 15:53:49.542, 1, 18, 0, 0, 5, 8.79, 139
2026/09/14 15:53:50.577, 0, 47, 100, 5, 429, 104.91, 1911
2026/09/14 15:53:50.580, 1, 18, 0, 0, 5, 8.79, 139
2026/09/14 15:53:51.613, 0, 46, 100, 4, 429, 140.44, 1911
2026/09/14 15:53:51.616, 1, 18, 0, 0, 5, 8.79, 139
2026/09/14 15:53:52.647, 0, 47, 100, 4, 429, 100.11, 1911
2026/09/14 15:53:52.650, 1, 18, 0, 0, 5, 9.13, 139
2026/09/14 15:53:53.683, 0, 47, 100, 4, 429, 115.39, 1911
2026/09/14 15:53:53.686, 1, 18, 0, 0, 5, 8.79, 139
2026/09/14 15:53:54.719, 0, 47, 100, 5, 429, 99.97, 1911
2026/09/14 15:53:54.722, 1, 18, 0, 0, 5, 8.69, 139
2026/09/14 15:53:55.754, 0, 47, 100, 3, 429, 104.95, 1911
2026/09/14 15:53:55.757, 1, 18, 0, 0, 5, 8.79, 139
2026/09/14 15:53:56.790, 0, 47, 100, 4, 429, 145.24, 1911
2026/09/14 15:53:56.792, 1, 18, 0, 0, 5, 9.37, 139
2026/09/14 15:53:57.825, 0, 47, 100, 5, 429, 103.50, 1911
2026/09/14 15:53:57.828, 1, 18, 0, 0, 5, 8.89, 139
2026/09/14 15:53:58.861, 0, 47, 100, 5, 429, 115.29, 1911
2026/09/14 15:53:58.864, 1, 18, 0, 0, 5, 8.89, 139
2026/09/14 15:53:59.896, 0, 47, 100, 5, 429, 104.20, 1911
2026/09/14 15:53:59.899, 1, 18, 0, 0, 5, 8.79, 139
2026/09/14 15:54:00.938, 0, 47, 100, 5, 429, 102.50, 1898
2026/09/14 15:54:00.946, 1, 18, 0, 0, 5, 8.79, 139
2026/09/14 15:54:01.979, 0, 47, 100, 5, 429, 120.56, 1898
2026/09/14 15:54:01.982, 1, 18, 0, 0, 5, 8.69, 139
2026/09/14 15:54:03.014, 0, 47, 100, 5, 429, 104.52, 1898
2026/09/14 15:54:03.021, 1, 18, 0, 0, 5, 8.79, 139
2026/09/14 15:54:04.054, 0, 47, 100, 5, 429, 84.58, 1898
2026/09/14 15:54:04.058, 1, 18, 0, 0, 5, 8.89, 139
2026/09/14 15:54:05.096, 0, 47, 100, 4, 429, 102.21, 1898
2026/09/14 15:54:05.098, 1, 18, 0, 0, 5, 8.79, 139
2026/09/14 15:54:06.130, 0, 47, 100, 4, 429, 130.72, 1898
2026/09/14 15:54:06.133, 1, 17, 0, 0, 5, 8.69, 139
2026/09/14 15:54:07.166, 0, 47, 100, 5, 429, 106.27, 1898
2026/09/14 15:54:07.170, 1, 17, 0, 0, 5, 8.79, 139
2026/09/14 15:54:08.204, 0, 47, 100, 4, 429, 129.28, 1898
2026/09/14 15:54:08.207, 1, 18, 0, 0, 5, 8.79, 139
2026/09/14 15:54:09.238, 0, 47, 100, 4, 429, 100.46, 1898
2026/09/14 15:54:09.241, 1, 18, 0, 0, 5, 8.79, 139
2026/09/14 15:54:10.275, 0, 47, 100, 5, 429, 124.04, 1898
2026/09/14 15:54:10.278, 1, 18, 0, 0, 5, 8.89, 139
2026/09/14 15:54:11.310, 0, 47, 100, 5, 429, 110.08, 1898
2026/09/14 15:54:11.313, 1, 17, 0, 0, 5, 9.32, 139
2026/09/14 15:54:12.347, 0, 47, 100, 3, 429, 87.09, 1898
2026/09/14 15:54:12.350, 1, 18, 0, 0, 5, 9.13, 139
2026/09/14 15:54:13.398, 0, 47, 100, 5, 429, 136.29, 1898
2026/09/14 15:54:13.403, 1, 18, 0, 0, 5, 8.79, 139
2026/09/14 15:54:14.435, 0, 47, 100, 5, 429, 136.64, 1898
2026/09/14 15:54:14.438, 1, 17, 0, 0, 5, 8.55, 139
2026/09/14 15:54:15.471, 0, 47, 100, 4, 429, 95.72, 1898
2026/09/14 15:54:15.473, 1, 18, 0, 0, 5, 8.89, 139
2026/09/14 15:54:16.512, 0, 47, 100, 5, 429, 110.66, 1898
2026/09/14 15:54:16.514, 1, 18, 0, 0, 5, 9.03, 139
2026/09/14 15:54:17.549, 0, 47, 100, 5, 429, 98.29, 1898
2026/09/14 15:54:17.552, 1, 18, 0, 0, 5, 8.79, 139
2026/09/14 15:54:18.587, 0, 47, 100, 4, 429, 103.51, 1898
2026/09/14 15:54:18.593, 1, 17, 0, 0, 5, 8.94, 139
2026/09/14 15:54:19.627, 0, 47, 100, 5, 429, 136.89, 1898
2026/09/14 15:54:19.630, 1, 18, 0, 0, 5, 8.69, 139
2026/09/14 15:54:20.662, 0, 47, 100, 5, 429, 97.22, 1898
2026/09/14 15:54:20.665, 1, 18, 0, 0, 5, 8.98, 139
2026/09/14 15:54:21.701, 0, 47, 100, 5, 429, 139.35, 1898
2026/09/14 15:54:21.704, 1, 17, 0, 0, 5, 8.89, 139
2026/09/14 15:54:22.737, 0, 47, 100, 5, 429, 119.50, 1898
2026/09/14 15:54:22.740, 1, 17, 0, 0, 5, 8.79, 139
2026/09/14 15:54:23.774, 0, 47, 100, 4, 429, 89.85, 1898
2026/09/14 15:54:23.776, 1, 18, 0, 0, 5, 8.69, 139
2026/09/14 15:54:24.809, 0, 47, 100, 5, 429, 109.70, 1898
2026/09/14 15:54:24.812, 1, 17, 0, 0, 5, 8.55, 139
2026/09/14 15:54:25.844, 0, 47, 100, 4, 429, 98.38, 1898
2026/09/14 15:54:25.848, 1, 18, 0, 0, 5, 8.79, 139
2026/09/14 15:54:26.880, 0, 47, 100, 4, 429, 108.73, 1898
2026/09/14 15:54:26.882, 1, 18, 0, 0, 5, 8.79, 139
2026/09/14 15:54:27.914, 0, 47, 100, 5, 429, 94.57, 1898
2026/09/14 15:54:27.917, 1, 18, 0, 0, 5, 9.47, 139
2026/09/14 15:54:28.953, 0, 47, 100, 3, 429, 83.66, 1898
2026/09/14 15:54:28.955, 1, 18, 0, 0, 5, 8.79, 139
2026/09/14 15:54:29.988, 0, 47, 100, 4, 429, 122.00, 1898
2026/09/14 15:54:29.991, 1, 18, 0, 0, 5, 8.55, 139
2026/09/14 15:54:31.023, 0, 47, 100, 4, 429, 139.71, 1898
2026/09/14 15:54:31.026, 1, 18, 0, 0, 5, 8.79, 139
2026/09/14 15:54:32.060, 0, 47, 100, 4, 429, 102.06, 1898
2026/09/14 15:54:32.063, 1, 18, 0, 0, 5, 8.55, 139
2026/09/14 15:54:33.097, 0, 47, 100, 4, 429, 123.76, 1898
2026/09/14 15:54:33.100, 1, 18, 0, 0, 5, 8.79, 139
2026/09/14 15:54:34.134, 0, 47, 100, 5, 429, 100.13, 1898
2026/09/14 15:54:34.137, 1, 18, 0, 0, 5, 8.79, 139
2026/09/14 15:54:35.170, 0, 47, 100, 4, 429, 117.32, 1898
2026/09/14 15:54:35.172, 1, 18, 0, 0, 5, 8.69, 139
2026/09/14 15:54:36.205, 0, 47, 100, 4, 429, 103.24, 1898
2026/09/14 15:54:36.208, 1, 18, 0, 0, 5, 8.55, 139
2026/09/14 15:54:37.240, 0, 47, 100, 5, 429, 84.82, 1898
2026/09/14 15:54:37.245, 1, 17, 0, 0, 5, 8.79, 139
2026/09/14 15:54:38.277, 0, 47, 100, 4, 429, 103.27, 1898
2026/09/14 15:54:38.280, 1, 18, 0, 0, 5, 9.03, 139
2026/09/14 15:54:39.313, 0, 47, 100, 5, 429, 114.11, 1898
2026/09/14 15:54:39.316, 1, 17, 0, 0, 5, 9.03, 139
2026/09/14 15:54:40.361, 0, 48, 100, 5, 429, 102.30, 1898
2026/09/14 15:54:40.362, 1, 18, 0, 0, 5, 9.13, 139
2026/09/14 15:54:41.392, 0, 47, 100, 5, 429, 129.24, 1898
2026/09/14 15:54:41.395, 1, 18, 0, 0, 5, 8.78, 139
2026/09/14 15:54:42.427, 0, 47, 100, 5, 429, 100.95, 1898
2026/09/14 15:54:42.430, 1, 18, 0, 0, 5, 8.79, 139
2026/09/14 15:54:43.463, 0, 47, 100, 5, 429, 126.97, 1898
2026/09/14 15:54:43.465, 1, 18, 0, 0, 5, 8.55, 139
2026/09/14 15:54:44.496, 0, 47, 100, 5, 429, 109.84, 1898
2026/09/14 15:54:44.501, 1, 18, 0, 0, 5, 9.03, 139
2026/09/14 15:54:45.532, 0, 48, 100, 4, 429, 88.64, 1898
2026/09/14 15:54:45.536, 1, 17, 0, 0, 5, 9.03, 139
2026/09/14 15:54:46.570, 0, 47, 100, 5, 429, 106.94, 1898
2026/09/14 15:54:46.572, 1, 18, 0, 0, 5, 8.64, 139
2026/09/14 15:54:47.604, 0, 47, 100, 5, 429, 99.01, 1898
2026/09/14 15:54:47.608, 1, 18, 0, 0, 5, 8.69, 139
2026/09/14 15:54:48.641, 0, 47, 100, 4, 429, 106.21, 1898
2026/09/14 15:54:48.643, 1, 17, 0, 0, 5, 8.79, 139
2026/09/14 15:54:49.675, 0, 47, 100, 5, 429, 104.67, 1898
2026/09/14 15:54:49.678, 1, 18, 0, 0, 5, 8.45, 139
2026/09/14 15:54:50.710, 0, 47, 100, 4, 429, 84.87, 1898
2026/09/14 15:54:50.715, 1, 17, 0, 0, 5, 8.89, 139
2026/09/14 15:54:51.746, 0, 47, 100, 5, 429, 113.26, 1898
2026/09/14 15:54:51.749, 1, 17, 0, 0, 5, 8.69, 139
2026/09/14 15:54:52.782, 0, 47, 100, 4, 429, 139.88, 1898
2026/09/14 15:54:52.784, 1, 18, 0, 0, 5, 8.69, 139
2026/09/14 15:54:53.816, 0, 47, 100, 4, 429, 101.96, 1898
2026/09/14 15:54:53.821, 1, 18, 0, 0, 5, 8.55, 139
2026/09/14 15:54:54.853, 0, 47, 100, 4, 429, 127.79, 1898
2026/09/14 15:54:54.856, 1, 18, 0, 0, 5, 8.79, 139
2026/09/14 15:54:55.891, 0, 47, 100, 5, 429, 101.08, 1898
2026/09/14 15:54:55.893, 1, 18, 0, 0, 5, 8.79, 139
2026/09/14 15:54:56.926, 0, 47, 100, 4, 429, 121.04, 1898
2026/09/14 15:54:56.929, 1, 18, 0, 0, 5, 8.55, 139
2026/09/14 15:54:57.961, 0, 47, 100, 4, 429, 108.39, 1898
2026/09/14 15:54:57.963, 1, 18, 0, 0, 5, 9.03, 139
2026/09/14 15:54:58.996, 0, 47, 100, 5, 429, 87.34, 1898
2026/09/14 15:54:58.998, 1, 17, 0, 0, 5, 8.69, 139
2026/09/14 15:55:00.031, 0, 47, 100, 4, 429, 106.51, 1898
2026/09/14 15:55:00.034, 1, 18, 0, 0, 5, 8.55, 139
2026/09/14 15:55:01.066, 0, 47, 100, 4, 429, 98.92, 1898
2026/09/14 15:55:01.069, 1, 17, 0, 0, 5, 8.93, 139
2026/09/14 15:55:02.102, 0, 47, 100, 4, 429, 105.44, 1898
2026/09/14 15:55:02.105, 1, 17, 0, 0, 5, 9.03, 139
2026/09/14 15:55:03.137, 0, 47, 100, 5, 429, 117.90, 1898
2026/09/14 15:55:03.141, 1, 17, 0, 0, 5, 9.23, 139
2026/09/14 15:55:04.173, 0, 47, 100, 5, 429, 86.55, 1898
2026/09/14 15:55:04.176, 1, 17, 0, 0, 5, 8.69, 139
2026/09/14 15:55:05.212, 0, 47, 100, 5, 429, 133.64, 1898
2026/09/14 15:55:05.214, 1, 17, 0, 0, 5, 8.55, 139
2026/09/14 15:55:06.246, 0, 47, 100, 5, 429, 139.17, 1898
2026/09/14 15:55:06.249, 1, 18, 0, 0, 5, 8.69, 139
2026/09/14 15:55:07.282, 0, 48, 100, 4, 429, 97.06, 1898
2026/09/14 15:55:07.284, 1, 17, 0, 0, 5, 8.55, 139
2026/09/14 15:55:08.316, 0, 47, 100, 4, 429, 123.01, 1898
2026/09/14 15:55:08.319, 1, 17, 0, 0, 5, 9.03, 139
2026/09/14 15:55:09.362, 0, 47, 100, 4, 429, 98.05, 1898
2026/09/14 15:55:09.365, 1, 17, 0, 0, 5, 8.89, 139
2026/09/14 15:55:10.395, 0, 47, 100, 4, 429, 108.39, 1898
2026/09/14 15:55:10.398, 1, 17, 0, 0, 5, 9.23, 139
2026/09/14 15:55:11.434, 0, 48, 100, 5, 429, 114.09, 1898
2026/09/14 15:55:11.437, 1, 17, 0, 0, 5, 8.79, 139
2026/09/14 15:55:12.472, 0, 47, 100, 5, 429, 99.50, 1898
2026/09/14 15:55:12.479, 1, 17, 0, 0, 5, 8.69, 139
2026/09/14 15:55:13.512, 0, 47, 100, 5, 429, 142.13, 1898
2026/09/14 15:55:13.515, 1, 17, 0, 0, 5, 9.23, 139
2026/09/14 15:55:14.547, 0, 47, 100, 5, 429, 125.23, 1898
2026/09/14 15:55:14.550, 1, 17, 0, 0, 5, 9.13, 139
2026/09/14 15:55:15.583, 0, 47, 100, 5, 429, 91.36, 1898
2026/09/14 15:55:15.586, 1, 18, 0, 0, 5, 8.55, 139
2026/09/14 15:55:16.619, 0, 47, 100, 4, 429, 112.69, 1898
2026/09/14 15:55:16.621, 1, 17, 0, 0, 5, 8.79, 139
2026/09/14 15:55:17.653, 0, 47, 100, 4, 429, 101.29, 1898
2026/09/14 15:55:17.656, 1, 17, 0, 0, 5, 8.55, 139
2026/09/14 15:55:18.688, 0, 47, 100, 5, 429, 108.97, 1898
2026/09/14 15:55:18.694, 1, 17, 0, 0, 5, 8.89, 139
2026/09/14 15:55:19.727, 0, 47, 100, 5, 429, 94.84, 1898
2026/09/14 15:55:19.730, 1, 17, 0, 0, 5, 8.89, 139
2026/09/14 15:55:20.762, 0, 47, 100, 5, 429, 83.03, 1898
2026/09/14 15:55:20.764, 1, 17, 0, 0, 5, 8.98, 139
2026/09/14 15:55:21.796, 0, 47, 100, 5, 429, 104.20, 1898
2026/09/14 15:55:21.801, 1, 18, 0, 0, 5, 8.89, 139
2026/09/14 15:55:22.838, 0, 47, 100, 5, 429, 136.20, 1898
2026/09/14 15:55:22.844, 1, 17, 0, 0, 5, 8.79, 139
2026/09/14 15:55:23.878, 0, 47, 100, 3, 429, 93.89, 1898
2026/09/14 15:55:23.881, 1, 17, 0, 0, 5, 8.79, 139
2026/09/14 15:55:24.913, 0, 47, 100, 4, 429, 116.38, 1898
2026/09/14 15:55:24.915, 1, 17, 0, 0, 5, 8.69, 139
2026/09/14 15:55:25.948, 0, 47, 100, 5, 429, 99.16, 1898
2026/09/14 15:55:25.950, 1, 17, 0, 0, 5, 8.79, 139
2026/09/14 15:55:26.982, 0, 47, 100, 4, 429, 117.08, 1898
2026/09/14 15:55:26.985, 1, 18, 0, 0, 5, 8.89, 139
2026/09/14 15:55:28.022, 0, 47, 100, 5, 429, 96.93, 1898
2026/09/14 15:55:28.025, 1, 17, 0, 0, 5, 8.69, 139
2026/09/14 15:55:29.059, 0, 47, 100, 4, 429, 83.30, 1898
2026/09/14 15:55:29.061, 1, 17, 0, 0, 5, 9.03, 139
2026/09/14 15:55:30.094, 0, 47, 100, 4, 429, 101.58, 1898
2026/09/14 15:55:30.096, 1, 17, 0, 0, 5, 8.79, 139
2026/09/14 15:55:31.128, 0, 47, 100, 3, 429, 127.16, 1898
2026/09/14 15:55:31.131, 1, 17, 0, 0, 5, 8.55, 139
2026/09/14 15:55:32.163, 0, 48, 100, 5, 429, 101.72, 1898
2026/09/14 15:55:32.166, 1, 17, 0, 0, 5, 9.13, 139
2026/09/14 15:55:33.198, 0, 48, 100, 4, 429, 143.71, 1898
2026/09/14 15:55:33.201, 1, 17, 0, 0, 5, 8.93, 139
2026/09/14 15:55:34.234, 0, 48, 100, 4, 429, 99.16, 1898
2026/09/14 15:55:34.237, 1, 17, 0, 0, 5, 8.55, 139
2026/09/14 15:55:35.270, 0, 48, 100, 5, 429, 138.17, 1898
2026/09/14 15:55:35.272, 1, 17, 0, 0, 5, 8.79, 139
2026/09/14 15:55:36.305, 0, 47, 100, 4, 429, 123.77, 1898
2026/09/14 15:55:36.308, 1, 17, 0, 0, 5, 8.79, 139
2026/09/14 15:55:37.340, 0, 48, 100, 5, 429, 91.40, 1898
2026/09/14 15:55:37.343, 1, 18, 0, 0, 5, 8.89, 139
2026/09/14 15:55:38.377, 0, 47, 100, 5, 429, 110.18, 1898
2026/09/14 15:55:38.380, 1, 17, 0, 0, 5, 9.23, 139
2026/09/14 15:55:39.415, 0, 48, 100, 5, 429, 99.00, 1898
2026/09/14 15:55:39.418, 1, 17, 0, 0, 5, 12.28, 139
2026/09/14 15:55:40.451, 0, 48, 100, 5, 429, 104.24, 1898
2026/09/14 15:55:40.457, 1, 17, 0, 0, 5, 8.79, 139
2026/09/14 15:55:41.490, 0, 48, 100, 5, 429, 126.87, 1898
2026/09/14 15:55:41.493, 1, 17, 0, 0, 5, 8.79, 139
2026/09/14 15:55:42.525, 0, 48, 100, 5, 429, 96.74, 1898
2026/09/14 15:55:42.530, 1, 17, 0, 0, 5, 8.55, 139
2026/09/14 15:55:43.563, 0, 48, 100, 5, 429, 140.95, 1898
2026/09/14 15:55:43.566, 1, 17, 0, 0, 5, 8.79, 139
2026/09/14 15:55:44.598, 0, 47, 100, 4, 429, 133.69, 1898
2026/09/14 15:55:44.601, 1, 17, 0, 0, 5, 8.89, 139
2026/09/14 15:55:45.633, 0, 48, 100, 5, 429, 94.95, 1898
2026/09/14 15:55:45.636, 1, 17, 0, 0, 5, 8.79, 139
2026/09/14 15:55:46.672, 0, 47, 100, 4, 429, 108.97, 1898
2026/09/14 15:55:46.678, 1, 17, 0, 0, 5, 8.69, 139
2026/09/14 15:55:47.711, 0, 48, 100, 4, 429, 98.38, 1898
2026/09/14 15:55:47.713, 1, 17, 0, 0, 5, 8.55, 139
2026/09/14 15:55:48.747, 0, 48, 100, 5, 429, 107.18, 1898
2026/09/14 15:55:48.749, 1, 17, 0, 0, 5, 8.79, 139
2026/09/14 15:55:49.781, 0, 47, 100, 4, 429, 104.11, 1898
2026/09/14 15:55:49.785, 1, 17, 0, 0, 5, 8.98, 139
2026/09/14 15:55:50.817, 0, 48, 100, 4, 429, 82.69, 1898
2026/09/14 15:55:50.819, 1, 17, 0, 0, 5, 8.69, 139
2026/09/14 15:55:51.851, 0, 48, 100, 5, 429, 104.07, 1898
2026/09/14 15:55:51.854, 1, 17, 0, 0, 5, 8.60, 139
2026/09/14 15:55:52.887, 0, 48, 100, 5, 429, 140.44, 1898
2026/09/14 15:55:52.891, 1, 17, 0, 0, 5, 8.79, 139
2026/09/14 15:55:53.922, 0, 48, 100, 4, 429, 105.49, 1898
2026/09/14 15:55:53.925, 1, 17, 0, 0, 5, 8.79, 139
2026/09/14 15:55:54.957, 0, 48, 100, 4, 429, 136.36, 1898
2026/09/14 15:55:54.960, 1, 17, 0, 0, 5, 9.23, 139
2026/09/14 15:55:55.993, 0, 48, 100, 5, 429, 100.37, 1898
2026/09/14 15:55:55.997, 1, 18, 0, 0, 5, 9.13, 139
2026/09/14 15:55:57.029, 0, 48, 100, 4, 429, 127.70, 1898
2026/09/14 15:55:57.032, 1, 17, 0, 0, 5, 8.79, 139
2026/09/14 15:55:58.066, 0, 48, 100, 4, 429, 108.58, 1898
2026/09/14 15:55:58.069, 1, 17, 0, 0, 5, 9.03, 139
2026/09/14 15:55:59.101, 0, 48, 100, 5, 429, 87.33, 1898
2026/09/14 15:55:59.104, 1, 17, 0, 0, 5, 8.79, 139
2026/09/14 15:56:00.138, 0, 48, 100, 5, 429, 106.74, 1898
2026/09/14 15:56:00.140, 1, 17, 0, 0, 5, 9.13, 139
2026/09/14 15:56:01.172, 0, 48, 100, 5, 429, 99.83, 1898
2026/09/14 15:56:01.175, 1, 17, 0, 0, 5, 9.23, 139
2026/09/14 15:56:02.209, 0, 48, 100, 5, 429, 105.45, 1898
2026/09/14 15:56:02.212, 1, 18, 0, 0, 5, 8.55, 139
2026/09/14 15:56:03.244, 0, 48, 100, 5, 429, 112.90, 1898
2026/09/14 15:56:03.246, 1, 17, 0, 0, 5, 8.79, 139
2026/09/14 15:56:04.283, 0, 48, 100, 4, 429, 99.50, 1898
2026/09/14 15:56:04.289, 1, 17, 0, 0, 5, 8.69, 139
2026/09/14 15:56:05.322, 0, 48, 100, 5, 429, 142.63, 1898
2026/09/14 15:56:05.324, 1, 17, 0, 0, 5, 9.03, 139
2026/09/14 15:56:06.360, 0, 48, 100, 4, 429, 117.77, 1898
2026/09/14 15:56:06.363, 1, 17, 0, 0, 5, 8.54, 139
2026/09/14 15:56:07.395, 0, 48, 100, 4, 429, 89.85, 1898
2026/09/14 15:56:07.397, 1, 17, 0, 0, 5, 8.89, 139
2026/09/14 15:56:08.430, 0, 47, 100, 5, 429, 110.90, 1898
2026/09/14 15:56:08.433, 1, 17, 0, 0, 5, 8.79, 139
2026/09/14 15:56:09.466, 0, 47, 100, 4, 429, 99.48, 1898
2026/09/14 15:56:09.469, 1, 17, 0, 0, 5, 14.65, 139
2026/09/14 15:56:10.507, 0, 48, 100, 5, 429, 103.75, 1898
2026/09/14 15:56:10.511, 1, 17, 0, 0, 5, 9.13, 139
2026/09/14 15:56:11.547, 0, 50, 77, 36, 341, 114.51, 1860
2026/09/14 15:56:11.555, 1, 17, 0, 0, 5, 8.64, 139
2026/09/14 15:56:12.587, 0, 47, 100, 5, 409, 127.63, 1898
2026/09/14 15:56:12.590, 1, 17, 0, 0, 5, 9.23, 139
2026/09/14 15:56:13.623, 0, 48, 100, 5, 409, 86.60, 1898
2026/09/14 15:56:13.626, 1, 17, 0, 0, 5, 8.79, 139
2026/09/14 15:56:14.659, 0, 47, 100, 5, 409, 109.94, 1898
2026/09/14 15:56:14.662, 1, 17, 0, 0, 5, 8.79, 139
2026/09/14 15:56:15.695, 0, 47, 100, 5, 409, 103.27, 1898
2026/09/14 15:56:15.698, 1, 17, 0, 0, 5, 8.79, 139
2026/09/14 15:56:16.729, 0, 47, 100, 5, 409, 110.32, 1898
2026/09/14 15:56:16.732, 1, 17, 0, 0, 5, 8.55, 139
2026/09/14 15:56:17.764, 0, 47, 100, 5, 409, 118.58, 1898
2026/09/14 15:56:17.767, 1, 17, 0, 0, 5, 8.69, 139
2026/09/14 15:56:18.800, 0, 47, 100, 5, 409, 97.47, 1898
2026/09/14 15:56:18.803, 1, 17, 0, 0, 5, 8.79, 139
2026/09/14 15:56:19.835, 0, 47, 100, 5, 409, 140.38, 1898
2026/09/14 15:56:19.838, 1, 17, 0, 0, 5, 8.79, 139
2026/09/14 15:56:20.870, 0, 47, 100, 5, 409, 120.50, 1898
2026/09/14 15:56:20.873, 1, 17, 0, 0, 5, 8.55, 139
2026/09/14 15:56:21.906, 0, 47, 100, 6, 409, 111.51, 1898
2026/09/14 15:56:21.908, 1, 17, 0, 0, 5, 8.79, 139
2026/09/14 15:56:22.941, 0, 47, 100, 5, 409, 84.24, 1898
2026/09/14 15:56:22.944, 1, 17, 0, 0, 5, 8.89, 139
2026/09/14 15:56:23.975, 0, 47, 100, 5, 409, 105.51, 1898
2026/09/14 15:56:23.980, 1, 17, 0, 0, 5, 8.79, 139
2026/09/14 15:56:25.012, 0, 47, 100, 5, 409, 101.48, 1898
2026/09/14 15:56:25.015, 1, 17, 0, 0, 5, 8.79, 139
2026/09/14 15:56:26.061, 0, 47, 100, 5, 409, 117.57, 1898
2026/09/14 15:56:26.064, 1, 17, 0, 0, 5, 8.89, 139
2026/09/14 15:56:27.096, 0, 47, 99, 6, 409, 110.32, 1898
2026/09/14 15:56:27.099, 1, 18, 0, 0, 5, 8.79, 139
2026/09/14 15:56:28.134, 0, 47, 100, 5, 409, 83.03, 1898
2026/09/14 15:56:28.136, 1, 17, 0, 0, 5, 8.79, 139
2026/09/14 15:56:29.173, 0, 47, 100, 5, 409, 102.54, 1898
2026/09/14 15:56:29.176, 1, 17, 0, 0, 5, 8.78, 139
2026/09/14 15:56:30.208, 0, 47, 100, 5, 409, 132.41, 1898
2026/09/14 15:56:30.213, 1, 17, 0, 0, 5, 8.89, 139
2026/09/14 15:56:31.247, 0, 47, 100, 5, 409, 127.68, 1898
2026/09/14 15:56:31.249, 1, 17, 0, 0, 5, 9.03, 139
2026/09/14 15:56:32.281, 0, 47, 100, 6, 409, 120.42, 1898
2026/09/14 15:56:32.284, 1, 17, 0, 0, 5, 8.79, 139
2026/09/14 15:56:33.320, 0, 47, 100, 5, 409, 84.32, 1898
2026/09/14 15:56:33.322, 1, 17, 0, 0, 5, 8.79, 139
2026/09/14 15:56:34.365, 0, 47, 100, 5, 409, 102.15, 1898
2026/09/14 15:56:34.367, 1, 17, 0, 0, 5, 8.55, 139
2026/09/14 15:56:35.399, 0, 47, 100, 5, 409, 132.89, 1898
2026/09/14 15:56:35.404, 1, 17, 0, 0, 5, 8.78, 139
2026/09/14 15:56:36.437, 0, 47, 100, 5, 409, 127.63, 1898
2026/09/14 15:56:36.439, 1, 17, 0, 0, 5, 8.88, 139
2026/09/14 15:56:37.471, 0, 47, 100, 6, 409, 114.11, 1898
2026/09/14 15:56:37.477, 1, 17, 0, 0, 5, 8.55, 139
2026/09/14 15:56:38.512, 0, 48, 100, 5, 409, 83.75, 1898
2026/09/14 15:56:38.515, 1, 17, 0, 0, 5, 9.66, 139
2026/09/14 15:56:39.546, 0, 47, 100, 5, 409, 103.75, 1898
2026/09/14 15:56:39.553, 1, 18, 0, 0, 5, 8.69, 139
2026/09/14 15:56:40.586, 0, 47, 100, 5, 409, 117.07, 1898
2026/09/14 15:56:40.588, 1, 17, 0, 0, 5, 8.79, 139
2026/09/14 15:56:41.620, 0, 47, 100, 5, 409, 141.69, 1898
2026/09/14 15:56:41.623, 1, 17, 0, 0, 5, 8.89, 139
2026/09/14 15:56:42.658, 0, 47, 100, 5, 409, 132.70, 1898
2026/09/14 15:56:42.660, 1, 17, 0, 0, 5, 8.69, 139
2026/09/14 15:56:43.693, 0, 48, 100, 5, 409, 88.06, 1898
2026/09/14 15:56:43.696, 1, 17, 0, 0, 5, 8.55, 139
2026/09/14 15:56:44.731, 0, 47, 100, 5, 409, 107.67, 1898
2026/09/14 15:56:44.737, 1, 17, 0, 0, 5, 8.55, 139
2026/09/14 15:56:45.768, 0, 48, 100, 5, 409, 102.43, 1898
2026/09/14 15:56:45.773, 1, 17, 0, 0, 5, 8.69, 139
2026/09/14 15:56:46.808, 0, 47, 100, 5, 409, 137.01, 1898
2026/09/14 15:56:46.811, 1, 17, 0, 0, 5, 8.89, 139
2026/09/14 15:56:47.843, 0, 48, 100, 5, 409, 136.96, 1898
2026/09/14 15:56:47.848, 1, 17, 0, 0, 5, 8.79, 139
2026/09/14 15:56:48.880, 0, 48, 100, 5, 409, 88.39, 1898
2026/09/14 15:56:48.885, 1, 17, 0, 0, 5, 8.79, 139
2026/09/14 15:56:49.916, 0, 48, 100, 5, 409, 115.89, 1898
2026/09/14 15:56:49.919, 1, 17, 0, 0, 5, 8.55, 139
2026/09/14 15:56:50.955, 0, 48, 100, 5, 409, 105.78, 1898
2026/09/14 15:56:50.957, 1, 17, 0, 0, 5, 8.79, 139
2026/09/14 15:56:51.989, 0, 48, 100, 5, 409, 114.94, 1898
2026/09/14 15:56:51.995, 1, 17, 0, 0, 5, 8.79, 139
2026/09/14 15:56:53.027, 0, 48, 100, 5, 409, 124.82, 1898
2026/09/14 15:56:53.031, 1, 17, 0, 0, 5, 9.13, 139
2026/09/14 15:56:54.063, 0, 48, 100, 5, 409, 96.45, 1898
2026/09/14 15:56:54.066, 1, 17, 0, 0, 5, 8.79, 139
2026/09/14 15:56:55.100, 0, 48, 100, 5, 409, 127.57, 1898
2026/09/14 15:56:55.102, 1, 17, 0, 0, 5, 9.03, 139
2026/09/14 15:56:56.134, 0, 47, 100, 5, 409, 112.99, 1898
2026/09/14 15:56:56.138, 1, 17, 0, 0, 5, 8.69, 139
2026/09/14 15:56:57.171, 0, 47, 100, 5, 409, 102.90, 1898
2026/09/14 15:56:57.173, 1, 17, 0, 0, 5, 8.79, 139
2026/09/14 15:56:58.206, 0, 48, 100, 5, 409, 82.78, 1898
2026/09/14 15:56:58.209, 1, 17, 0, 0, 5, 9.03, 139
2026/09/14 15:56:59.242, 0, 48, 100, 5, 409, 104.24, 1898
2026/09/14 15:56:59.244, 1, 17, 0, 0, 5, 8.89, 139
2026/09/14 15:57:00.277, 0, 48, 100, 5, 409, 117.23, 1898
2026/09/14 15:57:00.280, 1, 17, 0, 0, 5, 8.79, 139
2026/09/14 15:57:01.312, 0, 47, 100, 5, 409, 141.35, 1898
2026/09/14 15:57:01.315, 1, 17, 0, 0, 5, 8.78, 139
2026/09/14 15:57:02.349, 0, 47, 100, 5, 409, 117.42, 1898
2026/09/14 15:57:02.355, 1, 17, 0, 0, 5, 8.69, 139
2026/09/14 15:57:03.388, 0, 48, 100, 5, 409, 85.54, 1898
2026/09/14 15:57:03.391, 1, 17, 0, 0, 5, 8.79, 139
2026/09/14 15:57:04.424, 0, 48, 100, 6, 409, 108.63, 1898
2026/09/14 15:57:04.426, 1, 17, 0, 0, 5, 8.89, 139
2026/09/14 15:57:05.462, 0, 48, 99, 5, 409, 102.45, 1898
2026/09/14 15:57:05.464, 1, 17, 0, 0, 5, 8.79, 139
2026/09/14 15:57:06.499, 0, 47, 100, 5, 409, 139.96, 1898
2026/09/14 15:57:06.504, 1, 17, 0, 0, 5, 8.79, 139
2026/09/14 15:57:07.536, 0, 48, 100, 5, 409, 138.07, 1898
2026/09/14 15:57:07.540, 1, 17, 0, 0, 5, 11.40, 139
2026/09/14 15:57:08.577, 0, 48, 100, 5, 409, 86.03, 1898
2026/09/14 15:57:08.580, 1, 17, 0, 0, 5, 8.89, 139
2026/09/14 15:57:09.613, 0, 48, 100, 6, 409, 109.70, 1898
2026/09/14 15:57:09.615, 1, 17, 0, 0, 5, 8.69, 139
2026/09/14 15:57:10.647, 0, 48, 100, 5, 409, 102.45, 1898
2026/09/14 15:57:10.653, 1, 17, 0, 0, 5, 8.89, 139
2026/09/14 15:57:11.686, 0, 48, 100, 5, 409, 127.66, 1898
2026/09/14 15:57:11.688, 1, 17, 0, 0, 5, 8.89, 139
2026/09/14 15:57:12.722, 0, 48, 100, 5, 409, 138.82, 1898
2026/09/14 15:57:12.726, 1, 17, 0, 0, 5, 8.79, 139
2026/09/14 15:57:13.761, 0, 48, 100, 5, 409, 90.06, 1898
2026/09/14 15:57:13.764, 1, 17, 0, 0, 5, 8.69, 139
2026/09/14 15:57:14.796, 0, 48, 100, 6, 409, 113.38, 1898
2026/09/14 15:57:14.802, 1, 17, 0, 0, 5, 8.79, 139
2026/09/14 15:57:15.838, 0, 48, 100, 5, 409, 101.72, 1898
2026/09/14 15:57:15.844, 1, 17, 0, 0, 5, 8.69, 139
2026/09/14 15:57:16.877, 0, 48, 100, 5, 409, 133.54, 1898
2026/09/14 15:57:16.880, 1, 17, 0, 0, 5, 9.13, 139
2026/09/14 15:57:17.913, 0, 48, 100, 5, 409, 140.54, 1898
2026/09/14 15:57:17.916, 1, 17, 0, 0, 5, 8.79, 139
2026/09/14 15:57:18.949, 0, 48, 100, 5, 409, 89.95, 1898
2026/09/14 15:57:18.952, 1, 17, 0, 0, 5, 8.45, 139
2026/09/14 15:57:19.996, 0, 48, 100, 6, 409, 105.97, 1898
2026/09/14 15:57:19.999, 1, 17, 0, 0, 5, 8.89, 139
2026/09/14 15:57:21.031, 0, 48, 100, 5, 409, 101.96, 1898
2026/09/14 15:57:21.035, 1, 17, 0, 0, 5, 8.79, 139
2026/09/14 15:57:22.067, 0, 48, 100, 5, 409, 133.40, 1898
2026/09/14 15:57:22.070, 1, 17, 0, 0, 5, 8.88, 139
2026/09/14 15:57:23.103, 0, 48, 100, 5, 409, 137.54, 1898
2026/09/14 15:57:23.106, 1, 17, 0, 0, 5, 8.55, 139
2026/09/14 15:57:24.139, 0, 48, 100, 5, 409, 90.67, 1898
2026/09/14 15:57:24.142, 1, 17, 0, 0, 5, 8.55, 139
2026/09/14 15:57:25.177, 0, 48, 100, 5, 409, 110.90, 1898
2026/09/14 15:57:25.184, 1, 17, 0, 0, 5, 8.55, 139
2026/09/14 15:57:26.217, 0, 48, 100, 5, 409, 104.00, 1898
2026/09/14 15:57:26.219, 1, 17, 0, 0, 5, 8.79, 139
2026/09/14 15:57:27.253, 0, 48, 100, 5, 409, 122.00, 1898
2026/09/14 15:57:27.257, 1, 17, 0, 0, 5, 8.89, 139
2026/09/14 15:57:28.290, 0, 48, 99, 5, 409, 125.63, 1898
2026/09/14 15:57:28.292, 1, 17, 0, 0, 5, 8.78, 139
2026/09/14 15:57:29.325, 0, 48, 100, 5, 409, 94.93, 1898
2026/09/14 15:57:29.329, 1, 17, 0, 0, 5, 8.79, 139
2026/09/14 15:57:30.374, 0, 48, 100, 5, 409, 107.18, 1898
2026/09/14 15:57:30.378, 1, 17, 0, 0, 5, 8.79, 139
2026/09/14 15:57:31.412, 0, 48, 100, 5, 409, 113.86, 1898
2026/09/14 15:57:31.418, 1, 17, 0, 0, 5, 9.13, 139
2026/09/14 15:57:32.454, 0, 48, 100, 5, 409, 124.22, 1898
2026/09/14 15:57:32.460, 1, 17, 0, 0, 5, 9.13, 139
2026/09/14 15:57:33.493, 0, 48, 100, 5, 409, 115.34, 1898
2026/09/14 15:57:33.496, 1, 17, 0, 0, 5, 8.79, 139
2026/09/14 15:57:34.530, 0, 48, 100, 5, 409, 84.10, 1898
2026/09/14 15:57:34.533, 1, 17, 0, 0, 5, 8.55, 139
2026/09/14 15:57:35.565, 0, 48, 100, 5, 409, 106.46, 1898
2026/09/14 15:57:35.568, 1, 17, 0, 0, 5, 8.89, 139
2026/09/14 15:57:36.601, 0, 48, 100, 5, 409, 102.54, 1898
2026/09/14 15:57:36.604, 1, 17, 0, 0, 5, 9.66, 139
2026/09/14 15:57:37.637, 0, 48, 100, 5, 409, 131.19, 1898
2026/09/14 15:57:37.639, 1, 18, 0, 0, 5, 8.89, 139
2026/09/14 15:57:38.673, 0, 48, 100, 5, 409, 139.26, 1898
2026/09/14 15:57:38.676, 1, 17, 0, 0, 5, 8.79, 139
2026/09/14 15:57:39.708, 0, 48, 100, 5, 409, 91.36, 1898
2026/09/14 15:57:39.710, 1, 17, 0, 0, 5, 8.55, 139
2026/09/14 15:57:40.745, 0, 48, 100, 5, 409, 118.77, 1898
2026/09/14 15:57:40.747, 1, 17, 0, 0, 5, 8.79, 139
2026/09/14 15:57:41.779, 0, 48, 100, 5, 409, 107.42, 1898
2026/09/14 15:57:41.783, 1, 17, 0, 0, 5, 9.13, 139
2026/09/14 15:57:42.815, 0, 48, 100, 5, 409, 96.11, 1898
2026/09/14 15:57:42.818, 1, 17, 0, 0, 5, 8.69, 139
2026/09/14 15:57:43.852, 0, 48, 100, 5, 409, 101.66, 1898
2026/09/14 15:57:43.855, 1, 17, 0, 0, 5, 8.79, 139
2026/09/14 15:57:44.888, 0, 48, 100, 5, 409, 104.35, 1898
2026/09/14 15:57:44.891, 1, 17, 0, 0, 5, 8.89, 139
2026/09/14 15:57:45.923, 0, 48, 100, 5, 409, 142.84, 1898
2026/09/14 15:57:45.926, 1, 17, 0, 0, 5, 8.79, 139
2026/09/14 15:57:46.960, 0, 48, 100, 5, 409, 122.33, 1898
2026/09/14 15:57:46.962, 1, 18, 0, 0, 5, 9.03, 139
2026/09/14 15:57:47.995, 0, 48, 100, 5, 409, 112.02, 1898
2026/09/14 15:57:47.998, 1, 17, 0, 0, 5, 8.69, 139
2026/09/14 15:57:49.031, 0, 48, 100, 5, 409, 83.51, 1898
2026/09/14 15:57:49.036, 1, 17, 0, 0, 5, 9.47, 139
2026/09/14 15:57:50.068, 0, 48, 100, 5, 409, 104.72, 1898
2026/09/14 15:57:50.071, 1, 17, 0, 0, 5, 9.23, 139
2026/09/14 15:57:51.103, 0, 48, 99, 5, 409, 107.88, 1898
2026/09/14 15:57:51.108, 1, 17, 0, 0, 5, 9.03, 139
2026/09/14 15:57:52.139, 0, 48, 100, 5, 409, 139.06, 1898
2026/09/14 15:57:52.143, 1, 17, 0, 0, 5, 8.79, 139
2026/09/14 15:57:53.175, 0, 48, 100, 5, 409, 132.53, 1898
2026/09/14 15:57:53.181, 1, 17, 0, 0, 5, 8.79, 139
2026/09/14 15:57:54.212, 0, 48, 100, 5, 409, 88.07, 1898
2026/09/14 15:57:54.216, 1, 17, 0, 0, 5, 8.55, 139
2026/09/14 15:57:55.248, 0, 48, 100, 5, 409, 114.11, 1898
2026/09/14 15:57:55.252, 1, 17, 0, 0, 5, 8.79, 139
2026/09/14 15:57:56.284, 0, 48, 100, 5, 409, 105.73, 1898
2026/09/14 15:57:56.287, 1, 17, 0, 0, 5, 9.47, 139
2026/09/14 15:57:57.323, 0, 48, 100, 5, 409, 111.57, 1898
2026/09/14 15:57:57.325, 1, 17, 0, 0, 5, 8.89, 139
2026/09/14 15:57:58.368, 0, 48, 100, 5, 409, 128.37, 1898
2026/09/14 15:57:58.371, 1, 17, 0, 0, 5, 8.79, 139
2026/09/14 15:57:59.403, 0, 48, 100, 5, 409, 87.67, 1898
2026/09/14 15:57:59.407, 1, 17, 0, 0, 5, 8.45, 139
2026/09/14 15:58:00.440, 0, 48, 100, 5, 409, 113.41, 1898
2026/09/14 15:58:00.442, 1, 17, 0, 0, 5, 8.55, 139
2026/09/14 15:58:01.474, 0, 48, 100, 5, 409, 105.44, 1898
2026/09/14 15:58:01.477, 1, 17, 0, 0, 5, 8.79, 139
2026/09/14 15:58:02.511, 0, 48, 100, 6, 409, 106.64, 1898
2026/09/14 15:58:02.514, 1, 17, 0, 0, 5, 9.22, 139
2026/09/14 15:58:03.546, 0, 48, 100, 5, 409, 115.53, 1898
2026/09/14 15:58:03.549, 1, 17, 0, 0, 5, 8.79, 139
2026/09/14 15:58:04.583, 0, 48, 100, 5, 409, 96.72, 1898
2026/09/14 15:58:04.586, 1, 17, 0, 0, 5, 8.69, 139
2026/09/14 15:58:05.619, 0, 48, 100, 5, 409, 128.28, 1898
2026/09/14 15:58:05.622, 1, 17, 0, 0, 5, 11.51, 139
2026/09/14 15:58:06.660, 0, 48, 100, 5, 409, 109.45, 1898
2026/09/14 15:58:06.662, 1, 17, 0, 0, 5, 10.19, 139
2026/09/14 15:58:07.697, 0, 48, 100, 6, 409, 96.01, 1898
2026/09/14 15:58:07.699, 1, 17, 0, 0, 5, 8.89, 139
2026/09/14 15:58:08.731, 0, 48, 100, 5, 409, 90.06, 1898
2026/09/14 15:58:08.734, 1, 17, 0, 0, 5, 8.79, 139
2026/09/14 15:58:09.768, 0, 48, 100, 5, 409, 105.43, 1898
2026/09/14 15:58:09.770, 1, 17, 0, 0, 5, 8.93, 139
2026/09/14 15:58:10.803, 0, 47, 100, 5, 409, 141.25, 1898
2026/09/14 15:58:10.806, 1, 17, 0, 0, 5, 8.69, 139
2026/09/14 15:58:11.838, 0, 47, 100, 5, 409, 125.43, 1898
2026/09/14 15:58:11.840, 1, 17, 0, 0, 5, 9.03, 139
2026/09/14 15:58:12.877, 0, 47, 100, 6, 409, 105.69, 1898
2026/09/14 15:58:12.880, 1, 18, 0, 0, 5, 8.79, 139
2026/09/14 15:58:13.913, 0, 48, 100, 5, 409, 82.78, 1898
2026/09/14 15:58:13.918, 1, 17, 0, 0, 5, 8.89, 139
2026/09/14 15:58:14.951, 0, 48, 100, 5, 409, 103.75, 1898
2026/09/14 15:58:14.954, 1, 17, 0, 0, 5, 8.79, 139
2026/09/14 15:58:15.986, 0, 47, 100, 5, 409, 115.66, 1898
2026/09/14 15:58:15.989, 1, 17, 0, 0, 5, 8.79, 139
2026/09/14 15:58:17.022, 0, 47, 100, 5, 409, 138.37, 1898
2026/09/14 15:58:17.026, 1, 17, 0, 0, 5, 8.79, 139
2026/09/14 15:58:18.062, 0, 47, 100, 6, 409, 112.84, 1898
2026/09/14 15:58:18.068, 1, 17, 0, 0, 5, 9.03, 139
2026/09/14 15:58:19.099, 0, 48, 100, 5, 409, 84.82, 1898
2026/09/14 15:58:19.102, 1, 17, 0, 0, 5, 8.89, 139
2026/09/14 15:58:20.136, 0, 48, 100, 5, 409, 106.26, 1898
2026/09/14 15:58:20.139, 1, 17, 0, 0, 5, 8.89, 139
2026/09/14 15:58:21.174, 0, 48, 100, 5, 409, 107.28, 1898
2026/09/14 15:58:21.176, 1, 17, 0, 0, 5, 8.69, 139
2026/09/14 15:58:22.208, 0, 47, 100, 5, 409, 130.41, 1898
2026/09/14 15:58:22.211, 1, 18, 0, 0, 5, 9.03, 139
2026/09/14 15:58:23.244, 0, 48, 100, 5, 409, 135.71, 1898
2026/09/14 15:58:23.246, 1, 18, 0, 0, 5, 9.03, 139
2026/09/14 15:58:24.284, 0, 48, 100, 5, 409, 88.63, 1898
2026/09/14 15:58:24.286, 1, 17, 0, 0, 5, 8.69, 139
2026/09/14 15:58:25.319, 0, 48, 100, 5, 409, 111.86, 1898
2026/09/14 15:58:25.324, 1, 17, 0, 0, 5, 8.89, 139
2026/09/14 15:58:26.357, 0, 48, 100, 5, 409, 104.23, 1898
2026/09/14 15:58:26.360, 1, 17, 0, 0, 5, 8.55, 139
2026/09/14 15:58:27.392, 0, 48, 100, 5, 409, 106.70, 1898
2026/09/14 15:58:27.394, 1, 18, 0, 0, 5, 9.03, 139
2026/09/14 15:58:28.429, 0, 48, 100, 5, 409, 125.55, 1898
2026/09/14 15:58:28.432, 1, 17, 0, 0, 5, 8.69, 139
2026/09/14 15:58:29.466, 0, 48, 100, 5, 409, 96.19, 1898
2026/09/14 15:58:29.469, 1, 17, 0, 0, 5, 8.69, 139
2026/09/14 15:58:30.502, 0, 48, 100, 5, 409, 130.01, 1898
2026/09/14 15:58:30.504, 1, 17, 0, 0, 5, 8.79, 139
2026/09/14 15:58:31.544, 0, 48, 100, 5, 409, 106.73, 1898
2026/09/14 15:58:31.547, 1, 17, 0, 0, 5, 9.03, 139
2026/09/14 15:58:32.583, 0, 48, 100, 5, 409, 105.88, 1898
2026/09/14 15:58:32.585, 1, 17, 0, 0, 5, 8.79, 139
2026/09/14 15:58:33.619, 0, 48, 100, 5, 409, 122.61, 1898
2026/09/14 15:58:33.622, 1, 17, 0, 0, 5, 8.69, 139
2026/09/14 15:58:34.655, 0, 48, 100, 5, 409, 96.84, 1898
2026/09/14 15:58:34.658, 1, 17, 0, 0, 5, 8.69, 139
2026/09/14 15:58:35.689, 0, 48, 100, 6, 409, 134.54, 1898
2026/09/14 15:58:35.692, 1, 17, 0, 0, 5, 9.23, 139
2026/09/14 15:58:36.724, 0, 48, 100, 5, 409, 115.39, 1898
2026/09/14 15:58:36.729, 1, 17, 0, 0, 5, 9.23, 139
2026/09/14 15:58:37.760, 0, 48, 100, 5, 409, 108.15, 1898
2026/09/14 15:58:37.763, 1, 17, 0, 0, 5, 8.79, 139
2026/09/14 15:58:38.795, 0, 48, 100, 5, 409, 84.24, 1898
2026/09/14 15:58:38.798, 1, 17, 0, 0, 5, 8.69, 139
2026/09/14 15:58:39.830, 0, 48, 100, 5, 409, 105.15, 1898
2026/09/14 15:58:39.835, 1, 17, 0, 0, 5, 8.79, 139
2026/09/14 15:58:40.868, 0, 48, 100, 6, 409, 104.11, 1898
2026/09/14 15:58:40.870, 1, 17, 0, 0, 5, 8.79, 139
2026/09/14 15:58:41.902, 0, 48, 100, 5, 409, 135.08, 1898
2026/09/14 15:58:41.905, 1, 17, 0, 0, 5, 8.69, 139
2026/09/14 15:58:42.938, 0, 48, 100, 5, 409, 139.81, 1898
2026/09/14 15:58:42.942, 1, 17, 0, 0, 5, 9.13, 139
2026/09/14 15:58:43.973, 0, 48, 100, 5, 409, 90.67, 1898
2026/09/14 15:58:43.976, 1, 17, 0, 0, 5, 8.79, 139
2026/09/14 15:58:45.007, 0, 48, 100, 5, 409, 123.11, 1898
2026/09/14 15:58:45.010, 1, 17, 0, 0, 5, 8.55, 139
2026/09/14 15:58:46.043, 0, 48, 100, 6, 409, 108.25, 1898
2026/09/14 15:58:46.048, 1, 17, 0, 0, 5, 8.69, 139
2026/09/14 15:58:47.082, 0, 48, 100, 5, 409, 95.82, 1898
2026/09/14 15:58:47.085, 1, 17, 0, 0, 5, 8.89, 139
2026/09/14 15:58:48.117, 0, 48, 100, 5, 409, 94.32, 1898
2026/09/14 15:58:48.120, 1, 17, 0, 0, 5, 8.79, 139
2026/09/14 15:58:49.153, 0, 48, 100, 5, 409, 105.07, 1898
2026/09/14 15:58:49.155, 1, 17, 0, 0, 5, 9.13, 139
2026/09/14 15:58:50.188, 0, 48, 100, 5, 409, 138.74, 1898
2026/09/14 15:58:50.191, 1, 18, 0, 0, 5, 8.79, 139
2026/09/14 15:58:51.225, 0, 48, 100, 6, 409, 119.35, 1898
2026/09/14 15:58:51.229, 1, 17, 0, 0, 5, 8.79, 139
2026/09/14 15:58:52.261, 0, 48, 99, 5, 409, 113.60, 1898
2026/09/14 15:58:52.264, 1, 17, 0, 0, 5, 8.79, 139
2026/09/14 15:58:53.296, 0, 48, 100, 5, 409, 83.99, 1898
2026/09/14 15:58:53.302, 1, 17, 0, 0, 5, 8.79, 139
2026/09/14 15:58:54.338, 0, 48, 100, 5, 409, 104.00, 1898
2026/09/14 15:58:54.340, 1, 18, 0, 0, 5, 9.03, 139
2026/09/14 15:58:55.376, 0, 48, 100, 5, 409, 137.18, 1898
2026/09/14 15:58:55.389, 1, 17, 0, 0, 5, 8.79, 139
2026/09/14 15:58:56.423, 0, 48, 100, 5, 409, 110.90, 1898
2026/09/14 15:58:56.426, 1, 17, 0, 0, 5, 8.64, 139
2026/09/14 15:58:57.460, 0, 48, 100, 5, 409, 98.90, 1898
2026/09/14 15:58:57.463, 1, 17, 0, 0, 5, 8.79, 139
2026/09/14 15:58:58.495, 0, 48, 100, 5, 409, 88.00, 1898
2026/09/14 15:58:58.498, 1, 18, 0, 0, 5, 8.69, 139
2026/09/14 15:58:59.534, 0, 48, 100, 6, 409, 98.68, 1898
2026/09/14 15:58:59.539, 1, 17, 0, 0, 5, 8.79, 139
2026/09/14 15:59:00.576, 0, 48, 100, 5, 409, 129.24, 1898
2026/09/14 15:59:00.578, 1, 18, 0, 0, 5, 8.89, 139
2026/09/14 15:59:01.610, 0, 48, 100, 5, 409, 114.62, 1898
2026/09/14 15:59:01.613, 1, 18, 0, 0, 5, 8.64, 139
2026/09/14 15:59:02.647, 0, 48, 100, 6, 409, 103.75, 1898
2026/09/14 15:59:02.650, 1, 17, 0, 0, 5, 8.79, 139
2026/09/14 15:59:03.682, 0, 48, 100, 5, 409, 83.06, 1898
2026/09/14 15:59:03.685, 1, 17, 0, 0, 5, 8.79, 139
2026/09/14 15:59:04.717, 0, 48, 100, 5, 409, 103.50, 1898
2026/09/14 15:59:04.720, 1, 17, 0, 0, 5, 10.19, 139
2026/09/14 15:59:05.755, 0, 48, 100, 5, 409, 129.02, 1898
2026/09/14 15:59:05.757, 1, 18, 0, 0, 5, 9.66, 139
2026/09/14 15:59:06.792, 0, 48, 100, 5, 409, 129.48, 1898
2026/09/14 15:59:06.794, 1, 18, 0, 0, 5, 8.89, 139
2026/09/14 15:59:07.829, 0, 48, 100, 6, 409, 117.41, 1898
2026/09/14 15:59:07.832, 1, 17, 0, 0, 5, 8.60, 139
2026/09/14 15:59:08.865, 0, 48, 100, 5, 409, 85.31, 1898
2026/09/14 15:59:08.868, 1, 17, 0, 0, 5, 9.03, 139
2026/09/14 15:59:09.901, 0, 48, 100, 5, 409, 106.70, 1898
2026/09/14 15:59:09.906, 1, 17, 0, 0, 5, 8.79, 139
2026/09/14 15:59:10.938, 0, 48, 100, 5, 409, 101.96, 1898
2026/09/14 15:59:10.941, 1, 17, 0, 0, 5, 8.64, 139
2026/09/14 15:59:11.986, 0, 48, 100, 5, 409, 120.32, 1898
2026/09/14 15:59:11.990, 1, 17, 0, 0, 5, 8.89, 139
2026/09/14 15:59:13.023, 0, 48, 100, 6, 409, 108.29, 1898
2026/09/14 15:59:13.026, 1, 17, 0, 0, 5, 8.79, 139
2026/09/14 15:59:14.059, 0, 48, 100, 5, 409, 83.51, 1898
2026/09/14 15:59:14.062, 1, 17, 0, 0, 5, 8.79, 139
2026/09/14 15:59:15.095, 0, 48, 99, 5, 409, 106.50, 1898
2026/09/14 15:59:15.098, 1, 17, 0, 0, 5, 8.69, 139
2026/09/14 15:59:16.130, 0, 48, 100, 5, 409, 101.96, 1898
2026/09/14 15:59:16.133, 1, 17, 0, 0, 5, 9.03, 139
2026/09/14 15:59:17.165, 0, 48, 100, 5, 409, 132.43, 1898
2026/09/14 15:59:17.168, 1, 17, 0, 0, 5, 8.98, 139
2026/09/14 15:59:18.200, 0, 48, 100, 6, 409, 137.37, 1898
2026/09/14 15:59:18.203, 1, 17, 0, 0, 5, 8.79, 139
2026/09/14 15:59:19.236, 0, 48, 100, 5, 409, 91.74, 1898
2026/09/14 15:59:19.238, 1, 17, 0, 0, 5, 8.79, 139
2026/09/14 15:59:20.271, 0, 48, 100, 5, 409, 121.58, 1898
2026/09/14 15:59:20.273, 1, 17, 0, 0, 5, 8.79, 139
2026/09/14 15:59:21.306, 0, 48, 100, 5, 409, 108.73, 1898
2026/09/14 15:59:21.310, 1, 17, 0, 0, 5, 8.69, 139
2026/09/14 15:59:22.343, 0, 48, 100, 5, 409, 96.82, 1898
2026/09/14 15:59:22.346, 1, 17, 0, 0, 5, 8.89, 139
2026/09/14 15:59:23.389, 0, 48, 100, 5, 409, 138.85, 1898
2026/09/14 15:59:23.394, 1, 17, 0, 0, 5, 9.13, 139
2026/09/14 15:59:24.427, 0, 48, 100, 5, 409, 91.85, 1898
2026/09/14 15:59:24.430, 1, 17, 0, 0, 5, 8.89, 139
2026/09/14 15:59:25.462, 0, 48, 100, 5, 409, 121.77, 1898
2026/09/14 15:59:25.464, 1, 17, 0, 0, 5, 8.60, 139
2026/09/14 15:59:26.497, 0, 48, 100, 5, 409, 108.97, 1898
2026/09/14 15:59:26.500, 1, 17, 0, 0, 5, 8.69, 139
2026/09/14 15:59:27.532, 0, 48, 100, 5, 409, 98.96, 1898
2026/09/14 15:59:27.535, 1, 18, 0, 0, 5, 8.69, 139
2026/09/14 15:59:28.567, 0, 48, 100, 5, 409, 84.85, 1898
2026/09/14 15:59:28.570, 1, 17, 0, 0, 5, 9.13, 139
2026/09/14 15:59:29.603, 0, 48, 100, 5, 409, 103.41, 1898
2026/09/14 15:59:29.607, 1, 17, 0, 0, 5, 8.89, 139
2026/09/14 15:59:30.640, 0, 48, 100, 5, 409, 133.96, 1898
2026/09/14 15:59:30.642, 1, 17, 0, 0, 5, 8.69, 139
2026/09/14 15:59:31.674, 0, 48, 100, 5, 409, 131.97, 1898
2026/09/14 15:59:31.677, 1, 17, 0, 0, 5, 8.55, 139
2026/09/14 15:59:32.709, 0, 48, 100, 5, 409, 118.59, 1898
2026/09/14 15:59:32.713, 1, 18, 0, 0, 5, 8.55, 139
2026/09/14 15:59:33.745, 0, 48, 100, 5, 409, 86.60, 1898
2026/09/14 15:59:33.748, 1, 17, 0, 0, 5, 14.65, 139
2026/09/14 15:59:34.802, 0, 48, 100, 5, 409, 94.93, 1898
2026/09/14 15:59:34.806, 1, 17, 0, 0, 5, 9.42, 139
2026/09/14 15:59:35.838, 0, 48, 100, 5, 409, 128.76, 1898
2026/09/14 15:59:35.841, 1, 17, 0, 0, 5, 8.79, 139
2026/09/14 15:59:36.875, 0, 48, 100, 5, 409, 111.86, 1898
2026/09/14 15:59:36.877, 1, 17, 0, 0, 5, 8.69, 139
2026/09/14 15:59:37.909, 0, 48, 100, 5, 409, 104.20, 1898
2026/09/14 15:59:37.912, 1, 17, 0, 0, 5, 8.55, 139
2026/09/14 15:59:38.944, 0, 48, 100, 5, 409, 83.27, 1898
2026/09/14 15:59:38.947, 1, 17, 0, 0, 5, 8.45, 139
2026/09/14 15:59:39.979, 0, 48, 100, 5, 409, 104.47, 1898
2026/09/14 15:59:39.982, 1, 17, 0, 0, 5, 9.13, 139
2026/09/14 15:59:41.014, 0, 48, 100, 5, 409, 108.93, 1898
2026/09/14 15:59:41.017, 1, 17, 0, 0, 5, 9.13, 139
2026/09/14 15:59:42.050, 0, 48, 100, 5, 409, 142.59, 1898
2026/09/14 15:59:42.053, 1, 18, 0, 0, 5, 8.69, 139
2026/09/14 15:59:43.085, 0, 48, 100, 5, 409, 137.84, 1898
2026/09/14 15:59:43.087, 1, 17, 0, 0, 5, 8.79, 139
2026/09/14 15:59:44.119, 0, 48, 100, 5, 409, 89.85, 1898
2026/09/14 15:59:44.122, 1, 17, 0, 0, 5, 8.79, 139
2026/09/14 15:59:45.154, 0, 48, 100, 5, 409, 114.93, 1898
2026/09/14 15:59:45.159, 1, 18, 0, 0, 5, 8.98, 139
2026/09/14 15:59:46.192, 0, 48, 100, 5, 409, 107.67, 1898
2026/09/14 15:59:46.195, 1, 17, 0, 0, 5, 9.03, 139
2026/09/14 15:59:47.228, 0, 48, 100, 5, 409, 95.19, 1898
2026/09/14 15:59:47.231, 1, 17, 0, 0, 5, 8.79, 139
2026/09/14 15:59:48.263, 0, 48, 100, 5, 409, 104.01, 1898
2026/09/14 15:59:48.267, 1, 17, 0, 0, 5, 8.55, 139
2026/09/14 15:59:49.299, 0, 48, 100, 5, 409, 103.01, 1898
2026/09/14 15:59:49.302, 1, 17, 0, 0, 5, 8.93, 139
2026/09/14 15:59:50.336, 0, 48, 100, 5, 409, 140.07, 1898
2026/09/14 15:59:50.338, 1, 17, 0, 0, 5, 8.69, 139
2026/09/14 15:59:51.371, 0, 48, 100, 5, 409, 118.29, 1898
2026/09/14 15:59:51.374, 1, 17, 0, 0, 5, 8.55, 139
2026/09/14 15:59:52.406, 0, 48, 100, 5, 409, 108.87, 1898
2026/09/14 15:59:52.409, 1, 17, 0, 0, 5, 8.79, 139
2026/09/14 15:59:53.441, 0, 48, 100, 5, 409, 84.82, 1898
2026/09/14 15:59:53.444, 1, 17, 0, 0, 5, 8.79, 139
2026/09/14 15:59:54.477, 0, 48, 100, 5, 409, 105.88, 1898
2026/09/14 15:59:54.481, 1, 17, 0, 0, 5, 8.69, 139
2026/09/14 15:59:55.513, 0, 48, 100, 5, 409, 101.96, 1898
2026/09/14 15:59:55.516, 1, 18, 0, 0, 5, 8.78, 139
2026/09/14 15:59:56.548, 0, 48, 100, 6, 409, 132.15, 1898
2026/09/14 15:59:56.551, 1, 17, 0, 0, 5, 8.55, 139
2026/09/14 15:59:57.586, 0, 48, 100, 5, 409, 142.45, 1898
2026/09/14 15:59:57.589, 1, 17, 0, 0, 5, 8.79, 139
2026/09/14 15:59:58.622, 0, 48, 100, 5, 409, 90.09, 1898
2026/09/14 15:59:58.624, 1, 17, 0, 0, 5, 9.03, 139
2026/09/14 15:59:59.661, 0, 48, 100, 5, 409, 112.21, 1898
2026/09/14 15:59:59.664, 1, 17, 0, 0, 5, 8.55, 139
